cod_mun_ibge_6;cod_mun_ibge_7;municipio;UF;ano;populacao;tipo;total_obitos;obitos_mal_definidas;PROP_MAL_DEFINIDAS;TX_MAL_DEFINIDAS_P10K;ANO
170025;1700251;Abreulândia;TO;2021;2609;Original;15;0;0.0;0.0;2021
170030;1700301;Aguiarnópolis;TO;2021;7049;Original;32;0;0.0;0.0;2021
170035;1700350;Aliança do Tocantins;TO;2021;5303;Original;66;4;6.0606060606060606;7.542900245144257;2021
170040;1700400;Almas;TO;2021;6905;Original;39;3;7.6923076923076925;4.344677769732079;2021
170070;1700707;Alvorada;TO;2021;8381;Original;86;0;0.0;0.0;2021
170100;1701002;Ananás;TO;2021;9435;Original;70;0;0.0;0.0;2021
170105;1701051;Angico;TO;2021;3475;Original;29;0;0.0;0.0;2021
170110;1701101;Aparecida do Rio Negro;TO;2021;4901;Original;39;1;2.564102564102564;2.0403999183840034;2021
170130;1701309;Aragominas;TO;2021;5705;Original;26;0;0.0;0.0;2021
170190;1701903;Araguacema;TO;2021;7223;Original;56;1;1.7857142857142856;1.3844662882458814;2021
170200;1702000;Araguaçu;TO;2021;8418;Original;60;2;3.3333333333333335;2.3758612497030174;2021
170210;1702109;Araguaína;TO;2021;186245;Original;1281;10;0.78064012490242;0.5369271658299551;2021
170215;1702158;Araguanã;TO;2021;5856;Original;36;1;2.7777777777777777;1.7076502732240437;2021
170220;1702208;Araguatins;TO;2021;36573;Original;249;8;3.2128514056224895;2.1874060098980124;2021
170230;1702307;Arapoema;TO;2021;6590;Original;48;1;2.083333333333333;1.5174506828528074;2021
170240;1702406;Arraias;TO;2021;10502;Original;87;8;9.195402298850574;7.617596648257475;2021
170255;1702554;Augustinópolis;TO;2021;18870;Original;139;1;0.7194244604316548;0.5299417064122947;2021
170270;1702703;Aurora do Tocantins;TO;2021;3809;Original;33;2;6.0606060606060606;5.250721974271463;2021
170290;1702901;Axixá do Tocantins;TO;2021;9817;Original;99;4;4.040404040404041;4.074564530915758;2021
170300;1703008;Babaçulândia;TO;2021;10668;Original;54;1;1.8518518518518516;0.9373828271466067;2021
170305;1703057;Bandeirantes do Tocantins;TO;2021;3631;Original;24;0;0.0;0.0;2021
170307;1703073;Barra do Ouro;TO;2021;4673;Original;38;12;31.57894736842105;25.679435052428843;2021
170310;1703107;Barrolândia;TO;2021;5669;Original;66;1;1.5151515151515151;1.763979537837361;2021
170320;1703206;Bernardo Sayão;TO;2021;4439;Original;38;3;7.894736842105263;6.758278891642261;2021
170330;1703305;Bom Jesus do Tocantins;TO;2021;5120;Original;22;0;0.0;0.0;2021
170360;1703602;Brasilândia do Tocantins;TO;2021;2221;Original;21;0;0.0;0.0;2021
170370;1703701;Brejinho de Nazaré;TO;2021;5540;Original;48;0;0.0;0.0;2021
170380;1703800;Buriti do Tocantins;TO;2021;11644;Original;77;0;0.0;0.0;2021
170382;1703826;Cachoeirinha;TO;2021;2293;Original;15;0;0.0;0.0;2021
170384;1703842;Campos Lindos;TO;2021;10505;Original;57;0;0.0;0.0;2021
170386;1703867;Cariri do Tocantins;TO;2021;4499;Original;29;1;3.4482758620689653;2.222716159146477;2021
170388;1703883;Carmolândia;TO;2021;2627;Original;21;0;0.0;0.0;2021
170389;1703891;Carrasco Bonito;TO;2021;4165;Original;33;3;9.090909090909092;7.202881152460984;2021
170390;1703909;Caseara;TO;2021;5514;Original;48;0;0.0;0.0;2021
170410;1704105;Centenário;TO;2021;2966;Original;12;0;0.0;0.0;2021
170460;1704600;Chapada de Areia;TO;2021;1415;Original;11;0;0.0;0.0;2021
170510;1705102;Chapada da Natividade;TO;2021;3330;Original;26;0;0.0;0.0;2021
170550;1705508;Colinas do Tocantins;TO;2021;36271;Original;339;3;0.8849557522123894;0.8271070552231811;2021
170555;1705557;Combinado;TO;2021;4870;Original;44;0;0.0;0.0;2021
170560;1705607;Conceição do Tocantins;TO;2021;4070;Original;36;3;8.333333333333332;7.371007371007371;2021
170600;1706001;Couto Magalhães;TO;2021;5690;Original;33;1;3.0303030303030303;1.7574692442882252;2021
170610;1706100;Cristalândia;TO;2021;7268;Original;75;4;5.333333333333334;5.5035773252614195;2021
170625;1706258;Crixás do Tocantins;TO;2021;1749;Original;11;0;0.0;0.0;2021
170650;1706506;Darcinópolis;TO;2021;6250;Original;42;0;0.0;0.0;2021
170700;1707009;Dianópolis;TO;2021;22704;Original;142;0;0.0;0.0;2021
170710;1707108;Divinópolis do Tocantins;TO;2021;6986;Original;62;0;0.0;0.0;2021
170720;1707207;Dois Irmãos do Tocantins;TO;2021;7173;Original;49;0;0.0;0.0;2021
170730;1707306;Dueré;TO;2021;4686;Original;33;2;6.0606060606060606;4.2680324370465215;2021
170740;1707405;Esperantina;TO;2021;11280;Original;64;6;9.375;5.319148936170213;2021
170755;1707553;Fátima;TO;2021;3824;Original;30;0;0.0;0.0;2021
170765;1707652;Figueirópolis;TO;2021;5222;Original;44;5;11.363636363636363;9.574875526618154;2021
170770;1707702;Filadélfia;TO;2021;8892;Original;60;0;0.0;0.0;2021
170820;1708205;Formoso do Araguaia;TO;2021;18358;Original;151;2;1.3245033112582782;1.0894432944765227;2021
170825;1708254;Tabocão;TO;2021;2615;Original;27;1;3.7037037037037033;3.8240917782026767;2021
170830;1708304;Goianorte;TO;2021;5136;Original;43;5;11.627906976744185;9.735202492211839;2021
170900;1709005;Goiatins;TO;2021;13169;Original;95;2;2.1052631578947367;1.518718201837649;2021
170930;1709302;Guaraí;TO;2021;26403;Original;222;5;2.2522522522522523;1.8937241980078023;2021
170950;1709500;Gurupi;TO;2021;88428;Original;751;10;1.3315579227696404;1.1308635273895147;2021
170980;1709807;Ipueiras;TO;2021;2088;Original;14;0;0.0;0.0;2021
171050;1710508;Itacajá;TO;2021;7471;Original;62;1;1.6129032258064515;1.3385089010841922;2021
171070;1710706;Itaguatins;TO;2021;5801;Original;54;2;3.7037037037037033;3.4476814342354767;2021
171090;1710904;Itapiratins;TO;2021;3814;Original;34;0;0.0;0.0;2021
171110;1711100;Itaporã do Tocantins;TO;2021;2412;Original;13;0;0.0;0.0;2021
171150;1711506;Jaú do Tocantins;TO;2021;3906;Original;27;0;0.0;0.0;2021
171180;1711803;Juarina;TO;2021;2174;Original;20;0;0.0;0.0;2021
171190;1711902;Lagoa da Confusão;TO;2021;13989;Original;88;1;1.1363636363636365;0.714847380084352;2021
171195;1711951;Lagoa do Tocantins;TO;2021;4470;Original;30;0;0.0;0.0;2021
171200;1712009;Lajeado;TO;2021;3199;Original;24;2;8.333333333333332;6.251953735542356;2021
171215;1712157;Lavandeira;TO;2021;1984;Original;11;1;9.090909090909092;5.040322580645161;2021
171240;1712405;Lizarda;TO;2021;3727;Original;23;2;8.695652173913043;5.3662463107056615;2021
171245;1712454;Luzinópolis;TO;2021;3200;Original;17;0;0.0;0.0;2021
171250;1712504;Marianópolis do Tocantins;TO;2021;5332;Original;35;2;5.714285714285714;3.7509377344336086;2021
171270;1712702;Mateiros;TO;2021;2773;Original;14;0;0.0;0.0;2021
171280;1712801;Maurilândia do Tocantins;TO;2021;3470;Original;21;0;0.0;0.0;2021
171320;1713205;Miracema do Tocantins;TO;2021;17628;Original;191;6;3.1413612565445024;3.4036759700476513;2021
171330;1713304;Miranorte;TO;2021;13551;Original;140;3;2.142857142857143;2.2138587558113794;2021
171360;1713601;Monte do Carmo;TO;2021;8182;Original;43;1;2.3255813953488373;1.2221950623319482;2021
171370;1713700;Monte Santo do Tocantins;TO;2021;2311;Original;25;2;8.0;8.654262224145391;2021
171380;1713809;Palmeiras do Tocantins;TO;2021;6830;Original;35;4;11.428571428571429;5.856515373352855;2021
171395;1713957;Muricilândia;TO;2021;3623;Original;30;0;0.0;0.0;2021
171420;1714203;Natividade;TO;2021;9256;Original;95;4;4.2105263157894735;4.32152117545376;2021
171430;1714302;Nazaré;TO;2021;3772;Original;42;0;0.0;0.0;2021
171488;1714880;Nova Olinda;TO;2021;12014;Original;100;0;0.0;0.0;2021
171500;1715002;Nova Rosalândia;TO;2021;4348;Original;34;0;0.0;0.0;2021
171510;1715101;Novo Acordo;TO;2021;4450;Original;30;1;3.3333333333333335;2.247191011235955;2021
171515;1715150;Novo Alegre;TO;2021;2332;Original;21;2;9.523809523809524;8.576329331046312;2021
171525;1715259;Novo Jardim;TO;2021;2768;Original;14;1;7.142857142857142;3.61271676300578;2021
171550;1715507;Oliveira de Fátima;TO;2021;1124;Original;11;0;0.0;0.0;2021
171570;1715705;Palmeirante;TO;2021;6234;Original;36;0;0.0;0.0;2021
171575;1715754;Palmeirópolis;TO;2021;7694;Original;81;1;1.2345679012345678;1.2997140629061605;2021
171610;1716109;Paraíso do Tocantins;TO;2021;52521;Original;432;1;0.23148148148148145;0.1904000304640049;2021
171620;1716208;Paranã;TO;2021;10426;Original;66;0;0.0;0.0;2021
171630;1716307;Pau D'Arco;TO;2021;4885;Original;34;2;5.88235294117647;4.094165813715455;2021
171650;1716505;Pedro Afonso;TO;2021;13964;Original;101;13;12.871287128712872;9.309653394442854;2021
171660;1716604;Peixe;TO;2021;11996;Original;93;0;0.0;0.0;2021
171665;1716653;Pequizeiro;TO;2021;5546;Original;30;2;6.666666666666667;3.606202668589975;2021
171670;1716703;Colméia;TO;2021;8078;Original;80;0;0.0;0.0;2021
171700;1717008;Pindorama do Tocantins;TO;2021;4414;Original;33;4;12.121212121212121;9.062075215224286;2021
171720;1717206;Piraquê;TO;2021;3038;Original;11;0;0.0;0.0;2021
171750;1717503;Pium;TO;2021;7830;Original;46;2;4.3478260869565215;2.554278416347382;2021
171780;1717800;Ponte Alta do Bom Jesus;TO;2021;4586;Original;38;0;0.0;0.0;2021
171790;1717909;Ponte Alta do Tocantins;TO;2021;8192;Original;44;0;0.0;0.0;2021
171800;1718006;Porto Alegre do Tocantins;TO;2021;3200;Original;19;2;10.526315789473683;6.25;2021
171820;1718204;Porto Nacional;TO;2021;53618;Original;537;6;1.1173184357541899;1.1190271923607744;2021
171830;1718303;Praia Norte;TO;2021;8563;Original;60;1;1.6666666666666667;1.1678150181011329;2021
171840;1718402;Presidente Kennedy;TO;2021;3668;Original;35;2;5.714285714285714;5.452562704471101;2021
171845;1718451;Pugmil;TO;2021;2746;Original;18;0;0.0;0.0;2021
171850;1718501;Recursolândia;TO;2021;4389;Original;24;0;0.0;0.0;2021
171855;1718550;Riachinho;TO;2021;4723;Original;33;0;0.0;0.0;2021
171865;1718659;Rio da Conceição;TO;2021;2211;Original;21;0;0.0;0.0;2021
171870;1718709;Rio dos Bois;TO;2021;2879;Original;31;0;0.0;0.0;2021
171875;1718758;Rio Sono;TO;2021;6498;Original;29;0;0.0;0.0;2021
171880;1718808;Sampaio;TO;2021;4876;Original;34;2;5.88235294117647;4.1017227235438884;2021
171884;1718840;Sandolândia;TO;2021;3371;Original;26;0;0.0;0.0;2021
171886;1718865;Santa Fé do Araguaia;TO;2021;7678;Original;47;2;4.25531914893617;2.6048450117218027;2021
171888;1718881;Santa Maria do Tocantins;TO;2021;3537;Original;18;0;0.0;0.0;2021
171889;1718899;Santa Rita do Tocantins;TO;2021;2407;Original;12;0;0.0;0.0;2021
171890;1718907;Santa Rosa do Tocantins;TO;2021;4864;Original;34;2;5.88235294117647;4.1118421052631575;2021
171900;1719004;Santa Tereza do Tocantins;TO;2021;2928;Original;29;2;6.896551724137931;6.830601092896175;2021
172000;1720002;Santa Terezinha do Tocantins;TO;2021;2530;Original;16;2;12.5;7.905138339920948;2021
172010;1720101;São Bento do Tocantins;TO;2021;5457;Original;36;3;8.333333333333332;5.497526113249038;2021
172015;1720150;São Félix do Tocantins;TO;2021;1610;Original;11;0;0.0;0.0;2021
172020;1720200;São Miguel do Tocantins;TO;2021;12445;Original;69;1;1.4492753623188406;0.8035355564483728;2021
172025;1720259;São Salvador do Tocantins;TO;2021;3106;Original;17;0;0.0;0.0;2021
172030;1720309;São Sebastião do Tocantins;TO;2021;4898;Original;40;3;7.5;6.124948958758678;2021
172049;1720499;São Valério;TO;2021;3848;Original;42;0;0.0;0.0;2021
172065;1720655;Silvanópolis;TO;2021;5452;Original;50;0;0.0;0.0;2021
172080;1720804;Sítio Novo do Tocantins;TO;2021;8965;Original;58;0;0.0;0.0;2021
172085;1720853;Sucupira;TO;2021;2007;Original;12;0;0.0;0.0;2021
172090;1720903;Taguatinga;TO;2021;16966;Original;131;1;0.7633587786259541;0.5894141223623718;2021
172093;1720937;Taipas do Tocantins;TO;2021;2183;Original;8;1;12.5;4.580852038479157;2021
172097;1720978;Talismã;TO;2021;2831;Original;13;0;0.0;0.0;2021
172100;1721000;Palmas;TO;2021;313349;Original;1674;35;2.0908004778972518;1.1169654283243284;2021
172110;1721109;Tocantínia;TO;2021;7688;Original;46;7;15.217391304347828;9.105098855359001;2021
172120;1721208;Tocantinópolis;TO;2021;22820;Original;166;1;0.6024096385542169;0.43821209465381245;2021
172125;1721257;Tupirama;TO;2021;1952;Original;5;0;0.0;0.0;2021
172130;1721307;Tupiratins;TO;2021;2785;Original;9;2;22.22222222222222;7.18132854578097;2021
172208;1722081;Wanderlândia;TO;2021;11783;Original;94;0;0.0;0.0;2021
172210;1722107;Xambioá;TO;2021;11500;Original;102;2;1.9607843137254901;1.7391304347826089;2021
170025;1700251;Abreulândia;TO;2022;2626;Estimativa (Spline);16;0;0.0;0.0;2022
170030;1700301;Aguiarnópolis;TO;2022;6938;Estimativa (Spline);37;0;0.0;0.0;2022
170035;1700350;Aliança do Tocantins;TO;2022;5267;Estimativa (Spline);51;0;0.0;0.0;2022
170040;1700400;Almas;TO;2022;6823;Estimativa (Spline);54;1;1.8518518518518516;1.465630954125751;2022
170070;1700707;Alvorada;TO;2022;8439;Estimativa (Spline);53;0;0.0;0.0;2022
170100;1701002;Ananás;TO;2022;9508;Estimativa (Spline);65;0;0.0;0.0;2022
170105;1701051;Angico;TO;2022;3440;Estimativa (Spline);26;0;0.0;0.0;2022
170110;1701101;Aparecida do Rio Negro;TO;2022;4956;Estimativa (Spline);32;0;0.0;0.0;2022
170130;1701309;Aragominas;TO;2022;5658;Estimativa (Spline);27;0;0.0;0.0;2022
170190;1701903;Araguacema;TO;2022;7168;Estimativa (Spline);27;0;0.0;0.0;2022
170200;1702000;Araguaçu;TO;2022;8373;Estimativa (Spline);62;1;1.6129032258064515;1.1943150603129105;2022
170210;1702109;Araguaína;TO;2022;187955;Estimativa (Spline);1072;23;2.1455223880597014;1.2236971615546275;2022
170215;1702158;Araguanã;TO;2022;5767;Estimativa (Spline);39;3;7.6923076923076925;5.202011444425178;2022
170220;1702208;Araguatins;TO;2022;36575;Estimativa (Spline);204;11;5.392156862745098;3.007518796992481;2022
170230;1702307;Arapoema;TO;2022;6481;Estimativa (Spline);49;3;6.122448979591836;4.628915290850178;2022
170240;1702406;Arraias;TO;2022;10485;Estimativa (Spline);78;10;12.82051282051282;9.537434430138292;2022
170255;1702554;Augustinópolis;TO;2022;18974;Estimativa (Spline);121;3;2.479338842975207;1.5811109939917782;2022
170270;1702703;Aurora do Tocantins;TO;2022;3794;Estimativa (Spline);24;1;4.166666666666666;2.635740643120717;2022
170290;1702901;Axixá do Tocantins;TO;2022;9919;Estimativa (Spline);91;2;2.197802197802198;2.0163322915616493;2022
170300;1703008;Babaçulândia;TO;2022;10413;Estimativa (Spline);63;2;3.1746031746031744;1.9206760779794487;2022
170305;1703057;Bandeirantes do Tocantins;TO;2022;3652;Estimativa (Spline);21;1;4.761904761904762;2.738225629791895;2022
170307;1703073;Barra do Ouro;TO;2022;4702;Estimativa (Spline);36;0;0.0;0.0;2022
170310;1703107;Barrolândia;TO;2022;5615;Estimativa (Spline);44;2;4.545454545454546;3.5618878005342833;2022
170320;1703206;Bernardo Sayão;TO;2022;4424;Estimativa (Spline);23;2;8.695652173913043;4.520795660036166;2022
170330;1703305;Bom Jesus do Tocantins;TO;2022;5117;Estimativa (Spline);26;1;3.8461538461538463;1.9542700801250732;2022
170360;1703602;Brasilândia do Tocantins;TO;2022;2210;Estimativa (Spline);9;0;0.0;0.0;2022
170370;1703701;Brejinho de Nazaré;TO;2022;5489;Estimativa (Spline);52;1;1.9230769230769231;1.8218254691200584;2022
170380;1703800;Buriti do Tocantins;TO;2022;11665;Estimativa (Spline);62;0;0.0;0.0;2022
170382;1703826;Cachoeirinha;TO;2022;2273;Estimativa (Spline);16;1;6.25;4.399472063352398;2022
170384;1703842;Campos Lindos;TO;2022;10508;Estimativa (Spline);47;0;0.0;0.0;2022
170386;1703867;Cariri do Tocantins;TO;2022;4511;Estimativa (Spline);28;0;0.0;0.0;2022
170388;1703883;Carmolândia;TO;2022;2612;Estimativa (Spline);13;0;0.0;0.0;2022
170389;1703891;Carrasco Bonito;TO;2022;4119;Estimativa (Spline);29;1;3.4482758620689653;2.4277737314882253;2022
170390;1703909;Caseara;TO;2022;5522;Estimativa (Spline);19;1;5.263157894736842;1.8109380659181455;2022
170410;1704105;Centenário;TO;2022;2913;Estimativa (Spline);16;0;0.0;0.0;2022
170460;1704600;Chapada de Areia;TO;2022;1433;Estimativa (Spline);7;0;0.0;0.0;2022
170510;1705102;Chapada da Natividade;TO;2022;3318;Estimativa (Spline);23;0;0.0;0.0;2022
170550;1705508;Colinas do Tocantins;TO;2022;36560;Estimativa (Spline);224;1;0.4464285714285714;0.27352297592997815;2022
170555;1705557;Combinado;TO;2022;4881;Estimativa (Spline);37;0;0.0;0.0;2022
170560;1705607;Conceição do Tocantins;TO;2022;4049;Estimativa (Spline);25;3;12.0;7.409236848604594;2022
170600;1706001;Couto Magalhães;TO;2022;5713;Estimativa (Spline);40;1;2.5;1.7503938386136881;2022
170610;1706100;Cristalândia;TO;2022;7189;Estimativa (Spline);51;4;7.8431372549019605;5.564056196967589;2022
170625;1706258;Crixás do Tocantins;TO;2022;1738;Estimativa (Spline);13;0;0.0;0.0;2022
170650;1706506;Darcinópolis;TO;2022;6289;Estimativa (Spline);35;1;2.857142857142857;1.590077913817777;2022
170700;1707009;Dianópolis;TO;2022;22493;Estimativa (Spline);120;0;0.0;0.0;2022
170710;1707108;Divinópolis do Tocantins;TO;2022;7048;Estimativa (Spline);44;0;0.0;0.0;2022
170720;1707207;Dois Irmãos do Tocantins;TO;2022;7097;Estimativa (Spline);35;0;0.0;0.0;2022
170730;1707306;Dueré;TO;2022;4654;Estimativa (Spline);38;2;5.263157894736842;4.297378599054577;2022
170740;1707405;Esperantina;TO;2022;11044;Estimativa (Spline);64;0;0.0;0.0;2022
170755;1707553;Fátima;TO;2022;3793;Estimativa (Spline);31;1;3.225806451612903;2.636435539151068;2022
170765;1707652;Figueirópolis;TO;2022;5218;Estimativa (Spline);32;3;9.375;5.749329244921426;2022
170770;1707702;Filadélfia;TO;2022;8812;Estimativa (Spline);46;2;4.3478260869565215;2.2696323195642307;2022
170820;1708205;Formoso do Araguaia;TO;2022;18433;Estimativa (Spline);134;3;2.2388059701492535;1.6275158682797157;2022
170825;1708254;Tabocão;TO;2022;2721;Estimativa (Spline);16;0;0.0;0.0;2022
170830;1708304;Goianorte;TO;2022;5115;Estimativa (Spline);34;0;0.0;0.0;2022
170900;1709005;Goiatins;TO;2022;13195;Estimativa (Spline);80;8;10.0;6.062902614626753;2022
170930;1709302;Guaraí;TO;2022;26520;Estimativa (Spline);150;6;4.0;2.262443438914027;2022
170950;1709500;Gurupi;TO;2022;89205;Estimativa (Spline);526;7;1.3307984790874523;0.7847093772770584;2022
170980;1709807;Ipueiras;TO;2022;2073;Estimativa (Spline);9;0;0.0;0.0;2022
171050;1710508;Itacajá;TO;2022;7442;Estimativa (Spline);55;4;7.2727272727272725;5.3748992206396125;2022
171070;1710706;Itaguatins;TO;2022;5728;Estimativa (Spline);37;3;8.108108108108109;5.237430167597766;2022
171090;1710904;Itapiratins;TO;2022;3818;Estimativa (Spline);22;1;4.545454545454546;2.6191723415400734;2022
171110;1711100;Itaporã do Tocantins;TO;2022;2411;Estimativa (Spline);12;0;0.0;0.0;2022
171150;1711506;Jaú do Tocantins;TO;2022;3882;Estimativa (Spline);25;0;0.0;0.0;2022
171180;1711803;Juarina;TO;2022;2178;Estimativa (Spline);14;0;0.0;0.0;2022
171190;1711902;Lagoa da Confusão;TO;2022;14429;Estimativa (Spline);72;3;4.166666666666666;2.0791461639753277;2022
171195;1711951;Lagoa do Tocantins;TO;2022;4450;Estimativa (Spline);23;2;8.695652173913043;4.49438202247191;2022
171200;1712009;Lajeado;TO;2022;3252;Estimativa (Spline);23;0;0.0;0.0;2022
171215;1712157;Lavandeira;TO;2022;1977;Estimativa (Spline);8;0;0.0;0.0;2022
171240;1712405;Lizarda;TO;2022;3658;Estimativa (Spline);19;0;0.0;0.0;2022
171245;1712454;Luzinópolis;TO;2022;3199;Estimativa (Spline);18;0;0.0;0.0;2022
171250;1712504;Marianópolis do Tocantins;TO;2022;5340;Estimativa (Spline);24;0;0.0;0.0;2022
171270;1712702;Mateiros;TO;2022;2816;Estimativa (Spline);13;1;7.6923076923076925;3.5511363636363638;2022
171280;1712801;Maurilândia do Tocantins;TO;2022;3460;Estimativa (Spline);21;0;0.0;0.0;2022
171320;1713205;Miracema do Tocantins;TO;2022;17518;Estimativa (Spline);149;6;4.026845637583892;3.4250485215207216;2022
171330;1713304;Miranorte;TO;2022;13553;Estimativa (Spline);100;0;0.0;0.0;2022
171360;1713601;Monte do Carmo;TO;2022;8046;Estimativa (Spline);32;1;3.125;1.2428535918468804;2022
171370;1713700;Monte Santo do Tocantins;TO;2022;2340;Estimativa (Spline);17;1;5.88235294117647;4.273504273504273;2022
171380;1713809;Palmeiras do Tocantins;TO;2022;6719;Estimativa (Spline);30;2;6.666666666666667;2.976633427593392;2022
171395;1713957;Muricilândia;TO;2022;3638;Estimativa (Spline);22;0;0.0;0.0;2022
171420;1714203;Natividade;TO;2022;9237;Estimativa (Spline);50;5;10.0;5.413012882970661;2022
171430;1714302;Nazaré;TO;2022;3810;Estimativa (Spline);24;1;4.166666666666666;2.6246719160104988;2022
171488;1714880;Nova Olinda;TO;2022;11962;Estimativa (Spline);85;0;0.0;0.0;2022
171500;1715002;Nova Rosalândia;TO;2022;4296;Estimativa (Spline);37;0;0.0;0.0;2022
171510;1715101;Novo Acordo;TO;2022;4457;Estimativa (Spline);28;3;10.714285714285714;6.730984967466906;2022
171515;1715150;Novo Alegre;TO;2022;2288;Estimativa (Spline);18;1;5.555555555555555;4.370629370629371;2022
171525;1715259;Novo Jardim;TO;2022;2740;Estimativa (Spline);17;4;23.52941176470588;14.598540145985401;2022
171550;1715507;Oliveira de Fátima;TO;2022;1136;Estimativa (Spline);6;1;16.666666666666664;8.80281690140845;2022
171570;1715705;Palmeirante;TO;2022;6190;Estimativa (Spline);37;1;2.7027027027027026;1.6155088852988693;2022
171575;1715754;Palmeirópolis;TO;2022;7659;Estimativa (Spline);39;1;2.564102564102564;1.3056534795665231;2022
171610;1716109;Paraíso do Tocantins;TO;2022;53236;Estimativa (Spline);352;1;0.2840909090909091;0.1878428131339695;2022
171620;1716208;Paranã;TO;2022;10462;Estimativa (Spline);81;1;1.2345679012345678;0.9558401835213153;2022
171630;1716307;Pau D'Arco;TO;2022;4827;Estimativa (Spline);30;1;3.3333333333333335;2.0716801325875287;2022
171650;1716505;Pedro Afonso;TO;2022;14176;Estimativa (Spline);85;6;7.0588235294117645;4.232505643340858;2022
171660;1716604;Peixe;TO;2022;11859;Estimativa (Spline);53;0;0.0;0.0;2022
171665;1716653;Pequizeiro;TO;2022;5526;Estimativa (Spline);39;0;0.0;0.0;2022
171670;1716703;Colméia;TO;2022;8134;Estimativa (Spline);60;1;1.6666666666666667;1.2294074256208507;2022
171700;1717008;Pindorama do Tocantins;TO;2022;4421;Estimativa (Spline);38;0;0.0;0.0;2022
171720;1717206;Piraquê;TO;2022;2973;Estimativa (Spline);15;2;13.333333333333334;6.7272115708039015;2022
171750;1717503;Pium;TO;2022;7854;Estimativa (Spline);45;1;2.2222222222222223;1.2732365673542143;2022
171780;1717800;Ponte Alta do Bom Jesus;TO;2022;4558;Estimativa (Spline);24;1;4.166666666666666;2.1939447125932428;2022
171790;1717909;Ponte Alta do Tocantins;TO;2022;8218;Estimativa (Spline);52;2;3.8461538461538463;2.433682161109759;2022
171800;1718006;Porto Alegre do Tocantins;TO;2022;3200;Estimativa (Spline);21;3;14.285714285714285;9.375;2022
171820;1718204;Porto Nacional;TO;2022;55208;Estimativa (Spline);452;2;0.4424778761061947;0.3622663382118534;2022
171830;1718303;Praia Norte;TO;2022;8694;Estimativa (Spline);34;1;2.941176470588235;1.1502185415228894;2022
171840;1718402;Presidente Kennedy;TO;2022;3608;Estimativa (Spline);31;2;6.451612903225806;5.5432372505543235;2022
171845;1718451;Pugmil;TO;2022;2721;Estimativa (Spline);18;0;0.0;0.0;2022
171850;1718501;Recursolândia;TO;2022;4341;Estimativa (Spline);25;0;0.0;0.0;2022
171855;1718550;Riachinho;TO;2022;4691;Estimativa (Spline);23;0;0.0;0.0;2022
171865;1718659;Rio da Conceição;TO;2022;2205;Estimativa (Spline);12;0;0.0;0.0;2022
171870;1718709;Rio dos Bois;TO;2022;2893;Estimativa (Spline);14;0;0.0;0.0;2022
171875;1718758;Rio Sono;TO;2022;6354;Estimativa (Spline);34;1;2.941176470588235;1.5738117721120555;2022
171880;1718808;Sampaio;TO;2022;4891;Estimativa (Spline);27;1;3.7037037037037033;2.0445716622367613;2022
171884;1718840;Sandolândia;TO;2022;3416;Estimativa (Spline);16;0;0.0;0.0;2022
171886;1718865;Santa Fé do Araguaia;TO;2022;7725;Estimativa (Spline);40;1;2.5;1.2944983818770226;2022
171888;1718881;Santa Maria do Tocantins;TO;2022;3501;Estimativa (Spline);11;0;0.0;0.0;2022
171889;1718899;Santa Rita do Tocantins;TO;2022;2412;Estimativa (Spline);7;2;28.57142857142857;8.291873963515755;2022
171890;1718907;Santa Rosa do Tocantins;TO;2022;4873;Estimativa (Spline);32;4;12.5;8.208495793145905;2022
171900;1719004;Santa Tereza do Tocantins;TO;2022;2948;Estimativa (Spline);15;0;0.0;0.0;2022
172000;1720002;Santa Terezinha do Tocantins;TO;2022;2524;Estimativa (Spline);18;2;11.11111111111111;7.9239302694136295;2022
172010;1720101;São Bento do Tocantins;TO;2022;5550;Estimativa (Spline);31;0;0.0;0.0;2022
172015;1720150;São Félix do Tocantins;TO;2022;1642;Estimativa (Spline);8;0;0.0;0.0;2022
172020;1720200;São Miguel do Tocantins;TO;2022;12696;Estimativa (Spline);52;2;3.8461538461538463;1.575299306868305;2022
172025;1720259;São Salvador do Tocantins;TO;2022;3051;Estimativa (Spline);14;0;0.0;0.0;2022
172030;1720309;São Sebastião do Tocantins;TO;2022;4869;Estimativa (Spline);29;3;10.344827586206897;6.161429451632779;2022
172049;1720499;São Valério;TO;2022;3872;Estimativa (Spline);36;0;0.0;0.0;2022
172065;1720655;Silvanópolis;TO;2022;5453;Estimativa (Spline);52;1;1.9230769230769231;1.8338529249954154;2022
172080;1720804;Sítio Novo do Tocantins;TO;2022;9156;Estimativa (Spline);52;0;0.0;0.0;2022
172085;1720853;Sucupira;TO;2022;1986;Estimativa (Spline);9;0;0.0;0.0;2022
172090;1720903;Taguatinga;TO;2022;16830;Estimativa (Spline);96;3;3.125;1.7825311942959001;2022
172093;1720937;Taipas do Tocantins;TO;2022;2186;Estimativa (Spline);9;1;11.11111111111111;4.574565416285453;2022
172097;1720978;Talismã;TO;2022;2817;Estimativa (Spline);20;0;0.0;0.0;2022
172100;1721000;Palmas;TO;2022;319480;Estimativa (Spline);1369;21;1.5339663988312637;0.6573181419807186;2022
172110;1721109;Tocantínia;TO;2022;7748;Estimativa (Spline);54;4;7.4074074074074066;5.162622612287042;2022
172120;1721208;Tocantinópolis;TO;2022;22846;Estimativa (Spline);133;1;0.7518796992481203;0.4377133852753217;2022
172125;1721257;Tupirama;TO;2022;1978;Estimativa (Spline);10;1;10.0;5.055611729019212;2022
172130;1721307;Tupiratins;TO;2022;2745;Estimativa (Spline);16;2;12.5;7.285974499089253;2022
172208;1722081;Wanderlândia;TO;2022;11729;Estimativa (Spline);73;0;0.0;0.0;2022
172210;1722107;Xambioá;TO;2022;11416;Estimativa (Spline);78;2;2.564102564102564;1.751927119831815;2022
