cod_mun_ibge_6;ANO;municipio;UF;populacao;TMI;COBERTURA_PRENATAL;TAXA_MEDICOS;PROP_CESAREOS;PROP_MAL_DEFINIDAS;TX_MAL_DEFINIDAS_P10K;DOENCAS_CRONICAS;PROP_MAE_ADOL;TAXA_DETECCAO_HANSENIASE;TAXA_INTERNACAO_GERAL;TAXA_EQUIPES_ESF;cluster_num;perfil;cor
170025;2019;Abreulândia;TO;2579;0.0;65.625;0.38774718883288095;50.0;0.0;0.0;11.632415664986429;18.75;38.774718883288095;45.754168282279956;0.0;0;Atenção Primária Efetiva;#1a9850
170030;2019;Aguiarnópolis;TO;6733;16.666666666666668;75.0;0.2970444081390168;45.0;4.761904761904762;1.4852220406950838;0.0;20.0;29.704440813901677;25.545819099955445;0.0;0;Atenção Primária Efetiva;#1a9850
170035;2019;Aliança do Tocantins;TO;5390;14.084507042253522;67.6056338028169;0.37105751391465674;64.7887323943662;1.8518518518518516;1.8552875695732838;16.697588126159555;18.30985915492958;37.105751391465674;44.526901669758814;0.0;0;Atenção Primária Efetiva;#1a9850
170040;2019;Almas;TO;7055;8.547008547008549;67.52136752136752;0.28348688873139616;42.73504273504273;13.20754716981132;9.922041105598865;8.504606661941885;25.64102564102564;70.87172218284904;38.69596031183558;0.0;0;Atenção Primária Efetiva;#1a9850
170070;2019;Alvorada;TO;8412;7.6923076923076925;69.23076923076923;0.23775558725630053;60.76923076923077;0.0;0.0;40.41844983357109;25.384615384615383;71.32667617689016;76.20066571564432;0.0;1;Sobrecarga de Doenças Crônicas;#fc8d59
170100;2019;Ananás;TO;9549;0.0;78.23529411764706;0.20944601528955914;47.647058823529406;1.8867924528301887;1.0472300764477958;18.85014137606032;31.176470588235293;41.88920305791183;59.79683736516913;0.0;1;Sobrecarga de Doenças Crônicas;#fc8d59
170105;2019;Angico;TO;3433;20.408163265306122;69.38775510204081;0.29129041654529564;61.224489795918366;12.0;8.73871249635887;2.9129041654529564;22.448979591836736;0.0;37.86775415088844;0.0;0;Atenção Primária Efetiva;#1a9850
170110;2019;Aparecida do Rio Negro;TO;4795;0.0;74.66666666666667;0.4171011470281543;52.0;4.166666666666666;2.0855057351407718;8.342022940563087;20.0;145.98540145985402;71.74139728884255;0.0;1;Sobrecarga de Doenças Crônicas;#fc8d59
170130;2019;Aragominas;TO;5758;50.0;62.5;0.1736714136853074;56.25;0.0;0.0;3.4734282737061477;17.5;34.73428273706148;43.938867662382776;0.0;3;Vulnerabilidade Social/Sanitária;#d73027
170190;2019;Araguacema;TO;7086;19.41747572815534;81.55339805825243;0.2822466836014677;45.63106796116505;0.0;0.0;16.93480101608806;28.155339805825243;70.56167090036692;35.845328817386395;0.0;0;Atenção Primária Efetiva;#1a9850
170200;2019;Araguaçu;TO;8517;9.900990099009901;84.15841584158416;0.23482446870963955;77.22772277227723;4.081632653061225;2.3482446870963956;84.53680873547023;25.742574257425744;375.7191499354233;114.12469179288482;0.0;2;Sobrecarga de Doenças Crônicas;#fc8d59
170210;2019;Araguaína;TO;180470;10.319251854240568;72.8474685585295;0.011082174322602095;65.07578200580458;0.7077856420626896;0.3878761012910733;9.918546018728874;14.995162850693324;67.04715465174267;60.64165789327866;0.0;1;Sobrecarga de Doenças Crônicas;#fc8d59
170215;2019;Araguanã;TO;5729;10.989010989010989;62.637362637362635;0.34910106475824754;53.84615384615385;3.4482758620689653;1.7455053237912377;27.928085180659803;24.175824175824175;52.365159713737135;56.72892302321522;0.0;1;Sobrecarga de Doenças Crônicas;#fc8d59
170220;2019;Araguatins;TO;35761;8.976660682226212;70.55655296229803;0.055926847683230335;44.52423698384201;5.9880239520958085;2.796342384161517;10.06683258298146;22.621184919210055;47.53782053074579;30.03271720589469;0.0;0;Atenção Primária Efetiva;#1a9850
170230;2019;Arapoema;TO;6643;0.0;79.7872340425532;0.3010687942194792;44.680851063829785;0.0;0.0;72.25651061267499;24.46808510638298;75.2671985548698;105.52461237392745;0.0;2;Sobrecarga de Doenças Crônicas;#fc8d59
170240;2019;Arraias;TO;10567;6.756756756756757;68.91891891891892;0.18926847733509983;27.027027027027028;13.88888888888889;9.463423866754992;15.141478186807987;18.91891891891892;9.463423866754992;47.12785085643986;0.0;0;Atenção Primária Efetiva;#1a9850
170255;2019;Augustinópolis;TO;18412;14.970059880239521;65.5688622754491;0.10862480990658266;50.29940119760479;0.0;0.0;4.8881164457962205;20.35928143712575;48.8811644579622;33.45644145122746;0.0;0;Atenção Primária Efetiva;#1a9850
170270;2019;Aurora do Tocantins;TO;3757;0.0;69.44444444444444;0.26616981634282677;41.66666666666667;0.0;0.0;2.6616981634282673;13.88888888888889;53.23396326856535;31.94037796113921;0.0;0;Atenção Primária Efetiva;#1a9850
170290;2019;Axixá do Tocantins;TO;9756;16.216216216216218;55.13513513513514;0.2050020500205002;44.86486486486487;5.714285714285714;4.100041000410004;5.125051250512505;21.08108108108108;41.00041000410004;25.932759327593274;0.0;0;Atenção Primária Efetiva;#1a9850
170300;2019;Babaçulândia;TO;10664;0.0;66.96428571428571;0.18754688672168043;61.60714285714286;10.16949152542373;5.626406601650412;3.7509377344336086;24.107142857142858;0.0;31.507876969242307;0.0;0;Atenção Primária Efetiva;#1a9850
170305;2019;Bandeirantes do Tocantins;TO;3553;0.0;68.0;0.5629045876723895;66.0;5.263157894736842;2.8145229383619474;25.330706445257526;28.000000000000004;0.0;67.26709822685055;0.0;1;Sobrecarga de Doenças Crônicas;#fc8d59
170307;2019;Barra do Ouro;TO;4591;12.5;60.0;0.43563493792202135;45.0;4.166666666666666;2.1781746896101066;17.425397516880853;30.0;0.0;43.34567632324112;0.0;0;Atenção Primária Efetiva;#1a9850
170310;2019;Barrolândia;TO;5632;15.384615384615385;43.07692307692308;0.35511363636363635;55.38461538461539;0.0;0.0;1.7755681818181819;21.53846153846154;106.5340909090909;39.59517045454545;0.0;0;Atenção Primária Efetiva;#1a9850
170320;2019;Bernardo Sayão;TO;4459;0.0;85.48387096774194;0.4485310607759588;56.451612903225815;0.0;0.0;29.154518950437318;20.967741935483872;44.853106077595875;67.05539358600583;0.0;1;Sobrecarga de Doenças Crônicas;#fc8d59
170330;2019;Bom Jesus do Tocantins;TO;4894;13.698630136986301;69.86301369863014;0.4086636697997548;71.23287671232876;0.0;0.0;10.21659174499387;19.17808219178082;40.86636697997548;39.02738046587658;0.0;0;Atenção Primária Efetiva;#1a9850
170360;2019;Brasilândia do Tocantins;TO;2201;0.0;58.333333333333336;0.45433893684688775;70.83333333333334;0.0;0.0;0.0;41.66666666666667;0.0;39.52748750567923;0.0;0;Atenção Primária Efetiva;#1a9850
170370;2019;Brejinho de Nazaré;TO;5497;16.949152542372882;88.13559322033898;0.36383481899217757;49.152542372881356;0.0;0.0;12.734218664726214;20.33898305084746;90.95870474804438;51.11879206840095;0.0;0;Atenção Primária Efetiva;#1a9850
170380;2019;Buriti do Tocantins;TO;11348;6.329113924050633;68.9873417721519;0.17624250969333802;40.50632911392405;1.9230769230769231;0.8812125484666902;1.7624250969333803;22.151898734177212;35.24850193866761;20.179767359887204;0.0;0;Atenção Primária Efetiva;#1a9850
170382;2019;Cachoeirinha;TO;2275;34.48275862068965;72.41379310344827;0.43956043956043955;58.620689655172406;0.0;0.0;0.0;27.586206896551722;0.0;44.395604395604394;0.0;3;Vulnerabilidade Social/Sanitária;#d73027
170384;2019;Campos Lindos;TO;10116;18.75;63.125;0.19770660340055357;52.5;5.263157894736842;1.977066034005536;5.931198102016608;30.625000000000004;9.885330170027679;37.069988137603794;0.0;0;Atenção Primária Efetiva;#1a9850
170386;2019;Cariri do Tocantins;TO;4382;41.666666666666664;91.66666666666666;0.45641259698767683;72.91666666666666;0.0;0.0;9.128251939753538;12.5;91.28251939753537;48.379735280693744;0.0;3;Vulnerabilidade Social/Sanitária;#d73027
170388;2019;Carmolândia;TO;2580;18.51851851851852;61.111111111111114;0.3875968992248062;55.55555555555556;0.0;0.0;3.875968992248062;22.22222222222222;38.75968992248062;58.91472868217054;0.0;0;Atenção Primária Efetiva;#1a9850
170389;2019;Carrasco Bonito;TO;4095;0.0;56.86274509803921;0.4884004884004884;39.21568627450981;0.0;0.0;4.884004884004884;19.607843137254903;24.42002442002442;21.73382173382173;0.0;0;Atenção Primária Efetiva;#1a9850
170390;2019;Caseara;TO;5369;32.96703296703297;59.34065934065934;0.3725088470851183;50.54945054945055;0.0;0.0;7.450176941702366;28.57142857142857;484.26150121065376;46.00484261501211;0.0;3;Vulnerabilidade Social/Sanitária;#d73027
170410;2019;Centenário;TO;2905;0.0;73.07692307692307;0.34423407917383825;53.84615384615385;8.333333333333332;3.442340791738382;10.327022375215146;26.923076923076923;206.5404475043029;37.52151462994836;0.0;0;Atenção Primária Efetiva;#1a9850
170460;2019;Chapada de Areia;TO;1406;0.0;66.66666666666666;1.4224751066856332;52.38095238095239;0.0;0.0;7.112375533428166;23.809523809523807;0.0;64.01137980085349;0.0;0;Atenção Primária Efetiva;#1a9850
170510;2019;Chapada da Natividade;TO;3333;23.25581395348837;76.74418604651163;0.3000300030003;34.883720930232556;0.0;0.0;12.001200120012003;16.27906976744186;90.00900090009;57.30573057305731;0.0;3;Vulnerabilidade Social/Sanitária;#d73027
170550;2019;Colinas do Tocantins;TO;35424;12.773722627737227;75.18248175182481;0.056458897922312554;62.95620437956204;4.878048780487805;2.8229448961156276;16.37308039747064;20.255474452554743;42.34417344173442;53.29719963866306;0.0;0;Atenção Primária Efetiva;#1a9850
170555;2019;Combinado;TO;4852;0.0;70.9090909090909;0.20610057708161583;60.0;0.0;0.0;12.36603462489695;14.545454545454545;20.610057708161584;30.090684253915914;0.0;0;Atenção Primária Efetiva;#1a9850
170560;2019;Conceição do Tocantins;TO;4105;0.0;80.0;0.48721071863581;38.333333333333336;10.714285714285714;7.30816077953715;14.6163215590743;16.666666666666664;0.0;49.451887941534714;0.0;0;Atenção Primária Efetiva;#1a9850
170600;2019;Couto Magalhães;TO;5588;49.18032786885246;67.21311475409836;0.35790980672870437;60.65573770491803;0.0;0.0;7.158196134574087;27.86885245901639;250.53686471009306;23.97995705082319;0.0;3;Vulnerabilidade Social/Sanitária;#d73027
170610;2019;Cristalândia;TO;7289;0.0;69.41176470588235;0.27438606118809167;52.94117647058824;4.878048780487805;2.7438606118809163;13.719303059404583;23.52941176470588;54.87721223761833;51.173000411579096;0.0;0;Atenção Primária Efetiva;#1a9850
170625;2019;Crixás do Tocantins;TO;1722;0.0;88.23529411764706;1.1614401858304297;82.35294117647058;0.0;0.0;0.0;17.647058823529413;116.14401858304298;41.811846689895475;0.0;0;Atenção Primária Efetiva;#1a9850
170650;2019;Darcinópolis;TO;6097;10.101010101010102;64.64646464646465;0.1640150893882237;55.55555555555556;15.555555555555555;11.481056257175661;4.920452681646712;30.303030303030305;16.40150893882237;48.220436280137775;0.0;0;Atenção Primária Efetiva;#1a9850
170700;2019;Dianópolis;TO;22139;29.520295202952028;66.78966789667896;0.09033831699715435;45.018450184501845;6.0;2.71014950991463;4.968607434843489;22.878228782287824;22.584579249288588;33.69619223993857;0.0;3;Vulnerabilidade Social/Sanitária;#d73027
170710;2019;Divinópolis do Tocantins;TO;6900;9.615384615384617;85.57692307692307;0.2898550724637681;50.0;0.0;0.0;8.695652173913043;16.346153846153847;43.47826086956522;47.53623188405797;0.0;0;Atenção Primária Efetiva;#1a9850
170720;2019;Dois Irmãos do Tocantins;TO;7198;13.157894736842104;60.526315789473685;0.2778549597110308;53.94736842105263;6.25;2.7785495971103082;8.335648791330925;15.789473684210526;83.35648791330925;36.9547096415671;0.0;0;Atenção Primária Efetiva;#1a9850
170730;2019;Dueré;TO;4686;0.0;81.9672131147541;0.42680324370465217;57.377049180327866;0.0;0.0;4.2680324370465215;24.59016393442623;21.340162185232607;38.41229193341869;0.0;0;Atenção Primária Efetiva;#1a9850
170740;2019;Esperantina;TO;10996;18.18181818181818;54.54545454545454;0.18188432157148055;41.21212121212121;0.0;0.0;1.8188432157148053;26.666666666666668;9.094216078574027;21.371407784648962;0.0;0;Atenção Primária Efetiva;#1a9850
170755;2019;Fátima;TO;3835;0.0;65.21739130434783;0.5215123859191656;52.17391304347826;0.0;0.0;15.645371577574966;15.217391304347828;0.0;57.6271186440678;0.0;0;Atenção Primária Efetiva;#1a9850
170765;2019;Figueirópolis;TO;5263;14.705882352941176;73.52941176470588;0.38001140034201025;64.70588235294117;4.545454545454546;3.8001140034201026;11.400342010260307;14.705882352941178;57.00171005130154;51.6815504465134;0.0;0;Atenção Primária Efetiva;#1a9850
170770;2019;Filadélfia;TO;8856;15.873015873015872;66.66666666666666;0.22583559168925021;46.82539682539682;7.6923076923076925;3.3875338753387534;1.1291779584462511;23.809523809523807;22.58355916892502;37.375790424570916;0.0;0;Atenção Primária Efetiva;#1a9850
170820;2019;Formoso do Araguaia;TO;18440;9.900990099009901;57.42574257425742;0.10845986984815617;52.475247524752476;5.555555555555555;3.7960954446854664;9.761388286334057;23.762376237623762;32.53796095444685;43.221258134490235;0.0;0;Atenção Primária Efetiva;#1a9850
170825;2019;Tabocão;TO;2589;12.987012987012989;62.33766233766234;0.772499034376207;74.02597402597402;0.0;0.0;11.587485515643106;27.27272727272727;77.2499034376207;71.06991116261105;0.0;1;Sobrecarga de Doenças Crônicas;#fc8d59
170830;2019;Goianorte;TO;5123;0.0;70.0;0.39039625219597895;81.66666666666667;8.0;3.9039625219597895;5.855943782939684;23.333333333333332;117.11887565879367;40.01561585008784;0.0;0;Atenção Primária Efetiva;#1a9850
170900;2019;Goiatins;TO;13019;37.1900826446281;57.02479338842975;0.15362162992549352;38.429752066115704;18.96551724137931;8.449189645902143;23.811352638451492;26.033057851239672;38.40540748137337;51.77048928489131;0.0;3;Vulnerabilidade Social/Sanitária;#d73027
170930;2019;Guaraí;TO;25923;10.666666666666666;61.86666666666667;0.07715156424796513;76.53333333333333;3.1746031746031744;1.5430312849593026;10.80121899471512;19.466666666666665;30.860625699186052;52.92597307410408;0.0;0;Atenção Primária Efetiva;#1a9850
170950;2019;Gurupi;TO;86647;9.767092411720512;72.4267468069121;0.02308216095190832;72.12622088655147;0.423728813559322;0.2308216095190832;8.309577942686994;14.274981217129978;70.40059090332036;48.78414717185823;0.0;0;Atenção Primária Efetiva;#1a9850
170980;2019;Ipueiras;TO;2015;0.0;54.54545454545454;0.49627791563275436;59.09090909090909;0.0;0.0;19.851116625310173;22.727272727272727;49.62779156327544;59.05707196029777;0.0;1;Sobrecarga de Doenças Crônicas;#fc8d59
171050;2019;Itacajá;TO;7433;45.80152671755725;61.06870229007634;0.2690703618996368;52.67175572519084;0.0;0.0;14.798869904480021;37.404580152671755;94.17462666487286;64.84595721781245;0.0;3;Vulnerabilidade Social/Sanitária;#d73027
171070;2019;Itaguatins;TO;5864;0.0;55.00000000000001;0.17053206002728513;46.25;3.8461538461538463;1.7053206002728514;0.0;20.0;17.053206002728512;14.495225102319235;0.0;0;Atenção Primária Efetiva;#1a9850
171090;2019;Itapiratins;TO;3777;17.543859649122805;52.63157894736842;0.2647603918453799;64.91228070175438;11.538461538461538;7.942811755361397;2.6476039184537994;33.33333333333333;52.952078369075984;40.24357956049775;0.0;0;Atenção Primária Efetiva;#1a9850
171110;2019;Itaporã do Tocantins;TO;2427;27.027027027027028;83.78378378378379;0.8240626287597858;83.78378378378379;0.0;0.0;8.240626287597857;21.62162162162162;0.0;41.61516275236918;0.0;3;Vulnerabilidade Social/Sanitária;#d73027
171150;2019;Jaú do Tocantins;TO;3849;0.0;81.57894736842105;0.5196154845414394;65.78947368421053;0.0;0.0;10.392309690828787;26.31578947368421;77.9423226812159;38.45154585606651;0.0;0;Atenção Primária Efetiva;#1a9850
171180;2019;Juarina;TO;2193;0.0;75.0;0.9119927040583675;65.625;0.0;0.0;4.559963520291838;21.875;45.59963520291838;52.43958048335613;0.0;0;Atenção Primária Efetiva;#1a9850
171190;2019;Lagoa da Confusão;TO;13357;25.423728813559325;66.52542372881356;0.1497342217563824;41.10169491525424;10.0;5.240697761473385;8.235382196601034;29.66101694915254;194.65448828329716;43.94699408549825;0.0;3;Vulnerabilidade Social/Sanitária;#d73027
171195;2019;Lagoa do Tocantins;TO;4316;0.0;59.32203389830508;0.4633920296570899;32.20338983050847;5.88235294117647;2.3169601482854496;4.633920296570899;37.28813559322034;23.169601482854496;50.973123262279884;0.0;0;Atenção Primária Efetiva;#1a9850
171200;2019;Lajeado;TO;3134;0.0;73.91304347826086;0.6381620931716656;43.47826086956522;5.0;3.1908104658583283;25.526483726866626;19.565217391304348;95.72431397574984;73.70772176132738;0.0;1;Sobrecarga de Doenças Crônicas;#fc8d59
171215;2019;Lavandeira;TO;1923;41.666666666666664;50.0;1.0400416016640666;70.83333333333334;0.0;0.0;0.0;20.833333333333336;52.00208008320333;29.6411856474259;0.0;3;Vulnerabilidade Social/Sanitária;#d73027
171240;2019;Lizarda;TO;3740;0.0;40.816326530612244;0.26737967914438504;48.97959183673469;8.333333333333332;2.6737967914438503;5.347593582887701;18.367346938775512;106.95187165775401;26.737967914438503;0.0;0;Atenção Primária Efetiva;#1a9850
171245;2019;Luzinópolis;TO;3108;0.0;76.59574468085107;0.6435006435006435;51.06382978723404;0.0;0.0;0.0;17.02127659574468;0.0;34.42728442728443;0.0;0;Atenção Primária Efetiva;#1a9850
171250;2019;Marianópolis do Tocantins;TO;5175;14.285714285714285;80.0;0.3864734299516908;55.714285714285715;0.0;0.0;13.52657004830918;21.428571428571427;309.17874396135267;46.3768115942029;0.0;1;Sobrecarga de Doenças Crônicas;#fc8d59
171270;2019;Mateiros;TO;2684;0.0;46.93877551020408;0.37257824143070045;38.775510204081634;0.0;0.0;7.451564828614009;26.53061224489796;223.54694485842026;39.865871833084945;0.0;0;Atenção Primária Efetiva;#1a9850
171280;2019;Maurilândia do Tocantins;TO;3426;0.0;94.28571428571428;0.29188558085230587;45.714285714285715;0.0;0.0;2.918855808523059;20.0;116.75423234092236;19.8482194979568;0.0;0;Atenção Primária Efetiva;#1a9850
171320;2019;Miracema do Tocantins;TO;18248;16.949152542372882;60.33898305084746;0.10960105217010084;50.50847457627119;0.0;0.0;30.140289346777728;20.33898305084746;197.28189390618152;89.43445857080228;0.0;1;Sobrecarga de Doenças Crônicas;#fc8d59
171330;2019;Miranorte;TO;13434;0.0;64.08839779005525;0.14887598630340926;54.14364640883977;1.3513513513513513;0.7443799315170463;17.120738424892068;14.917127071823206;141.4321869882388;63.94223611731428;0.0;1;Sobrecarga de Doenças Crônicas;#fc8d59
171360;2019;Monte do Carmo;TO;7947;12.195121951219512;78.04878048780488;0.2516672958349062;41.46341463414634;0.0;0.0;8.80835535422172;19.51219512195122;25.16672958349062;43.41260853152133;0.0;0;Atenção Primária Efetiva;#1a9850
171370;2019;Monte Santo do Tocantins;TO;2279;40.0;76.0;0.43878894251864853;52.0;0.0;0.0;4.3878894251864855;24.0;131.63668275559456;54.40982887231242;0.0;3;Vulnerabilidade Social/Sanitária;#d73027
171380;2019;Palmeiras do Tocantins;TO;6658;0.0;71.64179104477611;0.30039050765995795;59.70149253731343;6.896551724137931;3.0039050765995796;6.007810153199159;19.402985074626866;15.019525382997898;25.533193151096427;0.0;0;Atenção Primária Efetiva;#1a9850
171395;2019;Muricilândia;TO;3551;18.18181818181818;80.0;0.5632216277105041;58.18181818181818;5.555555555555555;2.8161081385525204;5.632216277105041;27.27272727272727;56.32216277105041;39.70712475359054;0.0;0;Atenção Primária Efetiva;#1a9850
171420;2019;Natividade;TO;9244;7.462686567164179;63.43283582089553;0.2163565556036348;46.26865671641791;1.9230769230769231;1.081782778018174;10.817827780181739;23.88059701492537;118.99610558199915;55.928169623539596;0.0;1;Sobrecarga de Doenças Crônicas;#fc8d59
171430;2019;Nazaré;TO;3898;0.0;65.0;0.513083632632119;55.00000000000001;8.695652173913043;5.13083632632119;20.52334530528476;20.0;0.0;40.020523345305286;0.0;0;Atenção Primária Efetiva;#1a9850
171488;2019;Nova Olinda;TO;11819;11.11111111111111;73.33333333333333;0.1692190540654878;60.0;4.3478260869565215;2.5382858109823165;5.922666892292072;23.333333333333332;16.921905406548778;48.05821135459853;0.0;0;Atenção Primária Efetiva;#1a9850
171500;2019;Nova Rosalândia;TO;4260;0.0;71.9298245614035;0.4694835680751174;66.66666666666666;0.0;0.0;4.694835680751174;8.771929824561402;70.42253521126761;41.079812206572775;0.0;0;Atenção Primária Efetiva;#1a9850
171510;2019;Novo Acordo;TO;4342;32.25806451612903;66.12903225806451;0.460617227084293;56.451612903225815;10.714285714285714;6.909258406264394;16.12160294795025;25.806451612903224;138.1851681252879;58.9590050667895;0.0;3;Vulnerabilidade Social/Sanitária;#d73027
171515;2019;Novo Alegre;TO;2332;0.0;78.57142857142857;0.4288164665523156;35.714285714285715;8.333333333333332;4.288164665523156;0.0;14.285714285714285;85.76329331046313;22.727272727272727;0.0;0;Atenção Primária Efetiva;#1a9850
171525;2019;Novo Jardim;TO;2722;57.14285714285714;77.14285714285715;0.3673769287288758;31.428571428571427;36.36363636363637;14.695077149155033;7.347538574577516;14.285714285714285;110.21307861866275;30.492285084496697;0.0;3;Vulnerabilidade Social/Sanitária;#d73027
171550;2019;Oliveira de Fátima;TO;1112;0.0;90.47619047619048;0.8992805755395684;66.66666666666666;20.0;8.992805755395684;17.98561151079137;14.285714285714285;0.0;80.03597122302159;0.0;1;Sobrecarga de Doenças Crônicas;#fc8d59
171570;2019;Palmeirante;TO;6026;0.0;53.75;0.3318951211417192;63.74999999999999;10.714285714285714;4.978426817125788;4.978426817125788;32.5;0.0;40.159309658148025;0.0;0;Atenção Primária Efetiva;#1a9850
171575;2019;Palmeirópolis;TO;7659;19.41747572815534;79.6116504854369;0.2611306959133046;61.165048543689316;0.0;0.0;3.916960438699569;21.35922330097087;26.11306959133046;40.47525786656221;0.0;0;Atenção Primária Efetiva;#1a9850
171610;2019;Paraíso do Tocantins;TO;51252;10.112359550561797;73.14606741573034;0.039022867400296576;66.51685393258427;0.0;0.0;8.389916491063763;16.06741573033708;50.729727620385546;52.485756653398894;0.0;0;Atenção Primária Efetiva;#1a9850
171620;2019;Paranã;TO;10449;12.578616352201259;49.056603773584904;0.19140587616039811;43.39622641509434;2.3255813953488373;0.9570293808019906;23.925734520049765;16.9811320754717;9.570293808019906;63.642453823332374;0.0;1;Sobrecarga de Doenças Crônicas;#fc8d59
171630;2019;Pau D'Arco;TO;4849;0.0;69.0909090909091;0.41245617653124356;65.45454545454545;0.0;0.0;43.30789853578057;25.454545454545453;41.245617653124356;66.19921633326459;0.0;1;Sobrecarga de Doenças Crônicas;#fc8d59
171650;2019;Pedro Afonso;TO;13578;3.8910505836575875;61.478599221789885;0.14729709824716453;75.09727626459144;8.98876404494382;5.891883929886581;22.831050228310502;19.06614785992218;58.91883929886581;60.391810281337456;0.0;1;Sobrecarga de Doenças Crônicas;#fc8d59
171660;2019;Peixe;TO;11749;22.900763358778626;47.32824427480916;0.17022725338326666;53.43511450381679;1.5873015873015872;0.8511362669163333;30.640905608988;25.190839694656486;34.04545067665333;58.30283428376883;0.0;1;Sobrecarga de Doenças Crônicas;#fc8d59
171665;2019;Pequizeiro;TO;5477;0.0;76.47058823529412;0.3651634106262553;82.35294117647058;14.285714285714285;5.477451159393828;7.303268212525105;23.52941176470588;18.258170531312764;38.88990323169619;0.0;0;Atenção Primária Efetiva;#1a9850
171670;2019;Colméia;TO;8205;0.0;83.16831683168317;0.24375380865326018;73.26732673267327;0.0;0.0;7.312614259597806;29.7029702970297;48.75076173065204;37.6599634369287;0.0;0;Atenção Primária Efetiva;#1a9850
171700;2019;Pindorama do Tocantins;TO;4447;37.73584905660377;58.490566037735846;0.44974139869574997;43.39622641509434;0.0;0.0;6.746120980436249;24.528301886792452;112.4353496739375;53.06948504609849;0.0;3;Vulnerabilidade Social/Sanitária;#d73027
171720;2019;Piraquê;TO;3028;0.0;69.44444444444444;0.6605019815059445;52.77777777777778;12.5;3.3025099075297226;33.02509907529723;30.555555555555557;0.0;38.30911492734478;0.0;0;Atenção Primária Efetiva;#1a9850
171750;2019;Pium;TO;7654;10.416666666666666;52.083333333333336;0.2613012803762738;37.5;5.0;2.613012803762738;50.9537496733734;25.0;26.130128037627383;77.8677815521296;0.0;1;Sobrecarga de Doenças Crônicas;#fc8d59
171780;2019;Ponte Alta do Bom Jesus;TO;4596;26.31578947368421;68.42105263157895;0.4351610095735422;34.21052631578947;6.666666666666667;4.351610095735422;8.703220191470844;23.684210526315788;87.03220191470844;23.063533507397736;0.0;3;Vulnerabilidade Social/Sanitária;#d73027
171790;2019;Ponte Alta do Tocantins;TO;8039;10.0;80.0;0.24878716258241074;46.0;4.444444444444445;2.4878716258241074;14.927229754944644;22.0;37.31807438736161;53.36484637392711;0.0;0;Atenção Primária Efetiva;#1a9850
171800;2019;Porto Alegre do Tocantins;TO;3139;55.55555555555555;63.888888888888886;0.6371455877668047;55.55555555555556;5.555555555555555;3.185727938834024;0.0;27.77777777777778;0.0;23.574386747371776;0.0;3;Vulnerabilidade Social/Sanitária;#d73027
171820;2019;Porto Nacional;TO;53010;10.820559062218216;68.98106402164112;0.03772873042822109;52.750225428313804;2.8938906752411575;1.697792869269949;21.694019996227127;16.952209197475206;192.41652518392755;94.4538766270515;0.0;1;Sobrecarga de Doenças Crônicas;#fc8d59
171830;2019;Praia Norte;TO;8432;10.752688172043012;60.215053763440864;0.23719165085388993;38.70967741935484;2.564102564102564;1.1859582542694498;1.1859582542694498;29.03225806451613;23.719165085388994;15.417457305502847;0.0;0;Atenção Primária Efetiva;#1a9850
171840;2019;Presidente Kennedy;TO;3684;0.0;82.05128205128204;0.5428881650380022;76.92307692307693;5.0;2.714440825190011;16.286644951140065;30.76923076923077;0.0;39.08794788273615;0.0;0;Atenção Primária Efetiva;#1a9850
171845;2019;Pugmil;TO;2688;0.0;78.125;0.744047619047619;62.5;18.181818181818183;7.44047619047619;14.88095238095238;25.0;111.60714285714285;42.782738095238095;0.0;0;Atenção Primária Efetiva;#1a9850
171850;2019;Recursolândia;TO;4293;0.0;73.07692307692307;0.4658746797111577;61.53846153846154;4.166666666666666;2.3293733985557887;11.646866992778943;40.38461538461539;46.58746797111577;32.611227579781044;0.0;0;Atenção Primária Efetiva;#1a9850
171855;2019;Riachinho;TO;4645;37.03703703703704;81.48148148148148;0.43057050592034446;53.70370370370371;0.0;0.0;25.834230355220665;18.51851851851852;0.0;47.57804090419807;0.0;3;Vulnerabilidade Social/Sanitária;#d73027
171865;2019;Rio da Conceição;TO;2130;0.0;45.45454545454545;0.9389671361502347;45.45454545454545;0.0;0.0;0.0;24.242424242424242;0.0;38.497652582159624;0.0;0;Atenção Primária Efetiva;#1a9850
171870;2019;Rio dos Bois;TO;2834;0.0;51.42857142857142;0.7057163020465773;62.857142857142854;7.142857142857142;3.5285815102328866;28.228652081863093;22.857142857142858;35.28581510232887;69.16019760056457;0.0;1;Sobrecarga de Doenças Crônicas;#fc8d59
171875;2019;Rio Sono;TO;6478;16.666666666666668;71.66666666666667;0.30873726458783574;38.333333333333336;0.0;0.0;3.0873726458783577;25.0;46.31058968817536;31.645569620253166;0.0;0;Atenção Primária Efetiva;#1a9850
171880;2019;Sampaio;TO;4711;0.0;75.75757575757575;0.21226915729144555;45.45454545454545;4.761904761904762;2.1226915729144555;2.1226915729144555;33.33333333333333;0.0;26.321375504139247;0.0;0;Atenção Primária Efetiva;#1a9850
171884;2019;Sandolândia;TO;3375;0.0;67.3913043478261;0.5925925925925926;63.04347826086957;16.666666666666664;5.925925925925926;35.55555555555556;30.434782608695656;118.51851851851852;81.4814814814815;0.0;1;Sobrecarga de Doenças Crônicas;#fc8d59
171886;2019;Santa Fé do Araguaia;TO;7512;0.0;77.8688524590164;0.26624068157614483;53.278688524590166;4.761904761904762;2.6624068157614484;0.0;23.770491803278688;106.49627263045794;40.867944621938236;0.0;0;Atenção Primária Efetiva;#1a9850
171888;2019;Santa Maria do Tocantins;TO;3434;0.0;59.523809523809526;0.5824111822947001;64.28571428571429;0.0;0.0;17.472335468841003;21.428571428571427;58.24111822947001;36.983110075713455;0.0;0;Atenção Primária Efetiva;#1a9850
171889;2019;Santa Rita do Tocantins;TO;2365;0.0;69.23076923076923;0.4228329809725158;69.23076923076923;0.0;0.0;16.913319238900634;15.384615384615385;42.28329809725158;29.598308668076108;0.0;0;Atenção Primária Efetiva;#1a9850
171890;2019;Santa Rosa do Tocantins;TO;4829;13.513513513513514;81.08108108108108;0.4141644232760406;40.54054054054054;5.88235294117647;4.141644232760406;10.354110581901013;22.972972972972975;124.24932698281218;57.98301925864568;0.0;1;Sobrecarga de Doenças Crônicas;#fc8d59
171900;2019;Santa Tereza do Tocantins;TO;2866;0.0;85.45454545454545;0.34891835310537334;32.72727272727273;0.0;0.0;20.935101186322402;18.181818181818183;453.59385903698535;47.801814375436145;0.0;1;Sobrecarga de Doenças Crônicas;#fc8d59
172000;2019;Santa Terezinha do Tocantins;TO;2529;35.714285714285715;71.42857142857143;0.7908264136022143;57.14285714285714;6.666666666666667;3.954132068011072;11.862396204033216;17.857142857142858;0.0;24.91103202846975;0.0;3;Vulnerabilidade Social/Sanitária;#d73027
172010;2019;São Bento do Tocantins;TO;5324;0.0;64.70588235294117;0.18782870022539444;48.23529411764706;6.25;1.8782870022539444;3.756574004507889;22.35294117647059;0.0;33.057851239669425;0.0;0;Atenção Primária Efetiva;#1a9850
172015;2019;São Félix do Tocantins;TO;1585;68.9655172413793;62.06896551724138;0.6309148264984228;58.620689655172406;0.0;0.0;0.0;44.827586206896555;0.0;61.198738170347006;0.0;3;Vulnerabilidade Social/Sanitária;#d73027
172020;2019;São Miguel do Tocantins;TO;12139;6.666666666666667;64.66666666666666;0.16475821731608864;40.0;2.127659574468085;0.8237910865804432;1.6475821731608864;33.33333333333333;0.0;3.295164346321773;0.0;0;Atenção Primária Efetiva;#1a9850
172025;2019;São Salvador do Tocantins;TO;3082;29.41176470588235;58.82352941176471;0.6489292667099286;55.88235294117647;0.0;0.0;3.244646333549643;23.52941176470588;32.44646333549643;24.010382868267357;0.0;3;Vulnerabilidade Social/Sanitária;#d73027
172030;2019;São Sebastião do Tocantins;TO;4805;15.384615384615385;73.84615384615385;0.2081165452653486;40.0;4.761904761904762;2.081165452653486;0.0;32.30769230769231;20.81165452653486;24.349635796045785;0.0;0;Atenção Primária Efetiva;#1a9850
172049;2019;São Valério;TO;3960;17.543859649122805;73.68421052631578;0.5050505050505051;50.877192982456144;0.0;0.0;10.1010101010101;10.526315789473683;202.02020202020202;56.56565656565657;0.0;1;Sobrecarga de Doenças Crônicas;#fc8d59
172065;2019;Silvanópolis;TO;5403;10.869565217391305;67.3913043478261;0.37016472330186934;48.91304347826087;6.25;3.701647233018693;5.55247084952804;33.69565217391305;0.0;61.26226170645938;0.0;0;Atenção Primária Efetiva;#1a9850
172080;2019;Sítio Novo do Tocantins;TO;9029;7.575757575757576;72.72727272727273;0.22150847269908072;44.696969696969695;0.0;0.0;0.0;23.484848484848484;22.150847269908073;12.736737180197144;0.0;0;Atenção Primária Efetiva;#1a9850
172085;2019;Sucupira;TO;1966;0.0;84.61538461538461;0.5086469989827059;76.92307692307693;10.0;5.08646998982706;0.0;15.384615384615385;0.0;38.657171922685656;0.0;0;Atenção Primária Efetiva;#1a9850
172090;2019;Taguatinga;TO;16683;15.384615384615385;59.23076923076923;0.11988251513516752;36.15384615384615;12.5;5.3947131810825395;3.596475454055026;25.384615384615383;5.994125756758376;16.963375891626207;0.0;0;Atenção Primária Efetiva;#1a9850
172093;2019;Taipas do Tocantins;TO;2148;0.0;61.76470588235294;0.4655493482309125;41.17647058823529;0.0;0.0;4.655493482309125;29.411764705882355;46.554934823091244;33.98510242085661;0.0;0;Atenção Primária Efetiva;#1a9850
172097;2019;Talismã;TO;2793;0.0;57.14285714285714;0.7160759040458289;53.57142857142857;0.0;0.0;7.160759040458289;32.142857142857146;143.2151808091658;42.964554242749735;0.0;0;Atenção Primária Efetiva;#1a9850
172100;2019;Palmas;TO;299127;11.52516327314637;76.20053784095275;0.00668612328542726;57.83711102573953;2.3318385650224216;0.8691960271055438;8.825682736763984;11.390703034959662;216.9647006121146;50.085749531135605;0.0;1;Sobrecarga de Doenças Crônicas;#fc8d59
172110;2019;Tocantínia;TO;7545;15.873015873015872;40.74074074074074;0.26507620941020543;48.148148148148145;6.976744186046512;3.9761431411530817;34.4599072233267;26.455026455026452;66.26905235255136;96.8853545394301;0.0;1;Sobrecarga de Doenças Crônicas;#fc8d59
172120;2019;Tocantinópolis;TO;22870;14.05152224824356;70.02341920374707;0.08745080891998251;46.604215456674474;0.0;0.0;15.30389156099694;25.05854800936768;34.980323567993004;62.04634892872759;0.0;1;Sobrecarga de Doenças Crônicas;#fc8d59
172125;2019;Tupirama;TO;1891;0.0;76.92307692307693;0.5288207297726071;61.53846153846154;7.6923076923076925;5.288207297726071;37.017451084082495;30.76923076923077;52.882072977260705;57.11263881544157;0.0;1;Sobrecarga de Doenças Crônicas;#fc8d59
172130;2019;Tupiratins;TO;2671;0.0;60.71428571428571;0.3743916136278548;75.0;14.285714285714285;3.7439161362785476;18.71958068139274;32.142857142857146;74.87832272557095;29.576937476600524;0.0;0;Atenção Primária Efetiva;#1a9850
172208;2019;Wanderlândia;TO;11683;0.0;75.0;0.17118890695882907;59.48275862068966;3.389830508474576;1.7118890695882907;8.559445347941454;27.586206896551722;0.0;35.26491483351879;0.0;0;Atenção Primária Efetiva;#1a9850
172210;2019;Xambioá;TO;11540;10.0;61.5;0.1733102253032929;59.5;1.25;0.8665511265164645;79.72270363951473;22.0;51.99306759098787;92.46100519930677;0.0;2;Sobrecarga de Doenças Crônicas;#fc8d59
170025;2020;Abreulândia;TO;2594;54.054054054054056;64.86486486486487;0.7710100231303006;54.054054054054056;0.0;0.0;7.710100231303007;13.513513513513514;0.0;53.58519660755589;26.985350809560522;0;Vulnerabilidade Social/Sanitária;#d73027
170030;2020;Aguiarnópolis;TO;6892;0.0;66.07142857142857;0.2901915264074289;57.14285714285714;0.0;0.0;5.803830528148578;19.642857142857142;0.0;20.748694138131167;23.21532211259431;2;Atenção Primária Efetiva;#1a9850
170035;2020;Aliança do Tocantins;TO;5346;0.0;71.01449275362319;0.3741114852225963;65.21739130434783;7.5;5.611672278338945;11.22334455667789;17.391304347826086;0.0;50.505050505050505;33.67003367003367;2;Atenção Primária Efetiva;#1a9850
170040;2020;Almas;TO;6979;9.433962264150942;57.54716981132076;0.2865740077374982;50.0;15.384615384615385;8.597220232124945;5.731480154749964;21.69811320754717;28.65740077374982;41.123370110330995;34.38888092849978;2;Atenção Primária Efetiva;#1a9850
170070;2020;Alvorada;TO;8396;7.518796992481203;76.69172932330827;0.23820867079561694;59.3984962406015;1.5873015873015872;1.1910433539780847;22.62982372558361;24.06015037593985;35.73130061934254;73.1300619342544;34.54025726536446;1;Sobrecarga de Doenças Crônicas;#fc8d59
170100;2020;Ananás;TO;9492;0.0;73.79310344827587;0.21070375052675938;51.03448275862069;0.0;0.0;14.749262536873156;16.551724137931036;10.53518752633797;43.61567635903919;42.14075010535188;2;Atenção Primária Efetiva;#1a9850
170105;2020;Angico;TO;3454;0.0;78.57142857142857;0.5790387955993052;75.0;0.0;0.0;2.8951939779965254;21.428571428571427;0.0;29.241459177764913;40.53271569195136;2;Atenção Primária Efetiva;#1a9850
170110;2020;Aparecida do Rio Negro;TO;4848;28.57142857142857;70.0;0.41254125412541254;55.714285714285715;0.0;0.0;18.564356435643564;24.285714285714285;61.881188118811885;54.867986798679866;33.00330033003301;0;Vulnerabilidade Social/Sanitária;#d73027
170130;2020;Aragominas;TO;5731;0.0;52.87356321839081;0.34897923573547374;50.57471264367817;0.0;0.0;3.4897923573547374;18.39080459770115;0.0;42.05199790612458;41.87750828825685;2;Atenção Primária Efetiva;#1a9850
170190;2020;Araguacema;TO;7155;12.345679012345679;91.35802469135803;0.2795248078266946;50.617283950617285;0.0;0.0;27.95248078266946;20.98765432098765;27.95248078266946;52.69042627533194;29.350104821802937;1;Sobrecarga de Doenças Crônicas;#fc8d59
170200;2020;Araguaçu;TO;8467;20.408163265306122;82.6530612244898;0.2362111727884729;70.40816326530613;8.064516129032258;5.9052793197118225;61.41490492500295;23.46938775510204;118.10558639423645;72.51683004606117;37.793787646155664;1;Sobrecarga de Doenças Crônicas;#fc8d59
170210;2020;Araguaína;TO;183381;9.388151505341535;70.67011977986404;0.010906255282717403;63.3538361929427;1.1333914559721012;0.7089065933766312;7.034534657352724;14.341210747814829;46.35158495154896;53.12436948211647;19.631259508891326;0;Vulnerabilidade Social/Sanitária;#d73027
170215;2020;Araguanã;TO;5793;0.0;48.78048780487805;0.34524426031417227;43.90243902439025;0.0;0.0;15.535991714137753;19.51219512195122;0.0;42.119799758329016;27.619540825133782;2;Atenção Primária Efetiva;#1a9850
170220;2020;Araguatins;TO;36170;7.8125;66.40625;0.0552944429084877;39.2578125;2.314814814814815;1.3823610727121924;14.100082941664363;20.5078125;8.294166436273153;29.471938070223942;30.964888028753112;2;Atenção Primária Efetiva;#1a9850
170230;2020;Arapoema;TO;6616;0.0;89.62264150943396;0.30229746070133007;39.62264150943396;0.0;0.0;28.71825876662636;21.69811320754717;60.45949214026602;73.30713422007256;36.27569528415961;1;Sobrecarga de Doenças Crônicas;#fc8d59
170240;2020;Arraias;TO;10534;7.246376811594203;57.2463768115942;0.18986140117714068;37.68115942028986;23.076923076923077;14.239605088285552;10.442377064742738;26.08695652173913;0.0;38.826656540725274;26.580596164799694;2;Atenção Primária Efetiva;#1a9850
170255;2020;Augustinópolis;TO;18643;9.202453987730062;64.41717791411043;0.1072788714262726;50.920245398773;2.7027027027027026;1.609183071394089;18.773802499597704;20.552147239263803;21.45577428525452;37.601244434908544;25.746929142305422;2;Atenção Primária Efetiva;#1a9850
170270;2020;Aurora do Tocantins;TO;3783;0.0;65.71428571428571;0.26434047052603754;65.71428571428571;5.0;2.6434047052603753;13.217023526301878;17.142857142857142;0.0;21.41157811260904;21.147237642083002;2;Atenção Primária Efetiva;#1a9850
170290;2020;Axixá do Tocantins;TO;9787;17.441860465116278;27.906976744186046;0.2043527127822622;55.23255813953488;3.75;3.065290691733933;19.413507714314907;22.093023255813954;40.870542556452435;35.65954838050475;40.870542556452435;0;Vulnerabilidade Social/Sanitária;#d73027
170300;2020;Babaçulândia;TO;10666;38.46153846153847;71.15384615384616;0.18751171948246764;64.42307692307693;2.2222222222222223;0.9375585974123383;0.9375585974123383;23.076923076923077;0.0;31.0331895743484;30.001875117194825;0;Vulnerabilidade Social/Sanitária;#d73027
170305;2020;Bandeirantes do Tocantins;TO;3592;0.0;85.71428571428571;0.5567928730512249;69.64285714285714;0.0;0.0;16.70378619153675;19.642857142857142;0.0;48.44097995545657;25.055679287305125;2;Atenção Primária Efetiva;#1a9850
170307;2020;Barra do Ouro;TO;4632;28.57142857142857;62.857142857142854;0.4317789291882556;42.857142857142854;7.894736842105263;6.476683937823834;4.317789291882556;28.57142857142857;21.588946459412778;47.92746113989637;28.065630397236617;0;Vulnerabilidade Social/Sanitária;#d73027
170310;2020;Barrolândia;TO;5651;0.0;44.06779661016949;0.3539196602371262;49.152542372881356;0.0;0.0;3.5391966023712618;28.8135593220339;53.087949035568926;44.947796850115026;28.313572818970094;2;Atenção Primária Efetiva;#1a9850
170320;2020;Bernardo Sayão;TO;4448;29.850746268656717;77.61194029850746;0.4496402877697842;59.70149253731343;0.0;0.0;11.241007194244604;19.402985074626866;22.48201438848921;49.460431654676256;35.97122302158274;0;Vulnerabilidade Social/Sanitária;#d73027
170330;2020;Bom Jesus do Tocantins;TO;5008;0.0;56.94444444444444;0.3993610223642172;59.72222222222222;0.0;0.0;17.971246006389777;30.555555555555557;19.968051118210862;36.74121405750799;31.948881789137378;2;Atenção Primária Efetiva;#1a9850
170360;2020;Brasilândia do Tocantins;TO;2211;0.0;51.42857142857142;0.4522840343735866;80.0;7.142857142857142;4.522840343735866;9.045680687471732;17.142857142857142;45.22840343735866;41.157847127996384;22.614201718679332;2;Atenção Primária Efetiva;#1a9850
170370;2020;Brejinho de Nazaré;TO;5519;0.0;71.9298245614035;0.1811922449719152;38.59649122807017;0.0;0.0;19.931146946910673;24.561403508771928;0.0;48.197137162529444;28.99075919550643;2;Atenção Primária Efetiva;#1a9850
170380;2020;Buriti do Tocantins;TO;11497;6.756756756756757;69.5945945945946;0.17395842393667912;35.13513513513514;0.0;0.0;10.437505436200746;17.56756756756757;17.395842393667913;25.658867530660174;27.83334782986866;2;Atenção Primária Efetiva;#1a9850
170382;2020;Cachoeirinha;TO;2284;0.0;61.53846153846154;0.43782837127845886;30.76923076923077;0.0;0.0;17.513134851138354;23.076923076923077;0.0;24.080560420315233;13.134851138353765;2;Atenção Primária Efetiva;#1a9850
170384;2020;Campos Lindos;TO;10312;12.987012987012989;62.98701298701299;0.0969743987587277;47.4025974025974;0.0;0.0;2.909231962761831;26.623376623376622;0.0;32.38944918541505;23.273855702094647;0;Vulnerabilidade Social/Sanitária;#d73027
170386;2020;Cariri do Tocantins;TO;4441;48.78048780487805;85.36585365853658;0.45034902049088044;70.73170731707317;0.0;0.0;18.013960819635216;17.073170731707318;0.0;38.95519027246116;36.02792163927043;0;Vulnerabilidade Social/Sanitária;#d73027
170388;2020;Carmolândia;TO;2603;23.25581395348837;72.09302325581395;0.384172109104879;53.48837209302325;0.0;0.0;7.68344218209758;27.906976744186046;38.4172109104879;48.405685747214754;30.73376872839032;0;Vulnerabilidade Social/Sanitária;#d73027
170389;2020;Carrasco Bonito;TO;4130;0.0;65.27777777777779;0.48426150121065376;47.22222222222222;8.0;4.842615012106537;16.949152542372882;26.38888888888889;0.0;32.445520581113804;38.7409200968523;2;Atenção Primária Efetiva;#1a9850
170390;2020;Caseara;TO;5442;0.0;55.952380952380956;0.18375597206909225;50.0;0.0;0.0;5.512679162072767;21.428571428571427;257.25836089672913;44.46894524072032;25.725836089672914;3;Vulnerabilidade Social/Sanitária;#d73027
170410;2020;Centenário;TO;2936;0.0;40.909090909090914;0.6811989100817438;54.54545454545454;0.0;0.0;10.217983651226158;31.818181818181817;102.17983651226157;35.08174386920981;23.841961852861036;2;Atenção Primária Efetiva;#1a9850
170460;2020;Chapada de Areia;TO;1410;0.0;76.47058823529412;1.4184397163120568;41.17647058823529;0.0;0.0;0.0;17.647058823529413;0.0;43.262411347517734;56.73758865248227;2;Atenção Primária Efetiva;#1a9850
170510;2020;Chapada da Natividade;TO;3331;0.0;77.41935483870968;0.30021014710297206;32.25806451612903;3.8461538461538463;3.0021014710297207;12.008405884118883;22.58064516129032;90.06304413089163;42.32963074151906;24.016811768237766;2;Atenção Primária Efetiva;#1a9850
170550;2020;Colinas do Tocantins;TO;35851;17.482517482517483;69.05594405594405;0.05578644947142339;61.18881118881119;0.36496350364963503;0.27893224735711697;12.273018883713146;17.832167832167833;22.314579788569354;52.57872862681655;25.103902262140526;0;Vulnerabilidade Social/Sanitária;#d73027
170555;2020;Combinado;TO;4861;16.666666666666668;58.333333333333336;0.20571898786257972;48.333333333333336;0.0;0.0;10.285949393128986;11.666666666666666;20.57189878625797;32.297881094425016;32.915038058012755;0;Vulnerabilidade Social/Sanitária;#d73027
170560;2020;Conceição do Tocantins;TO;4087;36.36363636363636;85.45454545454545;0.4893564962074871;40.0;7.6923076923076925;4.893564962074872;12.233912405187178;25.454545454545453;24.467824810374356;46.244188891607536;39.148519696598974;0;Vulnerabilidade Social/Sanitária;#d73027
170600;2020;Couto Magalhães;TO;5639;15.151515151515152;71.21212121212122;0.3546728143287817;62.121212121212125;0.0;0.0;3.546728143287817;25.757575757575758;212.803688597269;32.27522610391913;21.2803688597269;3;Vulnerabilidade Social/Sanitária;#d73027
170610;2020;Cristalândia;TO;7278;0.0;70.23809523809523;0.2748007694421544;50.0;5.88235294117647;4.122011541632316;24.7320692497939;27.380952380952383;54.96015388843089;61.83017312448475;32.97609233305853;1;Sobrecarga de Doenças Crônicas;#fc8d59
170625;2020;Crixás do Tocantins;TO;1735;0.0;85.71428571428571;1.1527377521613833;57.14285714285714;10.0;5.763688760806916;0.0;19.047619047619047;0.0;40.345821325648416;34.5821325648415;2;Atenção Primária Efetiva;#1a9850
170650;2020;Darcinópolis;TO;6174;0.0;51.02040816326531;0.16196954972465177;58.16326530612245;2.272727272727273;1.6196954972465176;8.098477486232587;26.53061224489796;0.0;48.91480401684483;24.295432458697764;2;Atenção Primária Efetiva;#1a9850
170700;2020;Dianópolis;TO;22424;15.974440894568689;65.17571884984025;0.08919015340706386;39.936102236421725;9.75609756097561;5.351409204423831;6.68926150552979;22.364217252396166;62.433107384944705;37.72743489118801;24.52729218694256;0;Vulnerabilidade Social/Sanitária;#d73027
170710;2020;Divinópolis do Tocantins;TO;6943;0.0;86.51685393258427;0.28805991646262424;50.56179775280899;0.0;0.0;15.843295405444332;32.58426966292135;28.805991646262424;53.867204378510735;30.246291228575544;2;Atenção Primária Efetiva;#1a9850
170720;2020;Dois Irmãos do Tocantins;TO;7185;15.873015873015872;65.07936507936508;0.2783576896311761;44.44444444444444;0.0;0.0;5.567153792623522;19.047619047619047;41.75365344467641;33.82045929018789;20.8768267223382;0;Vulnerabilidade Social/Sanitária;#d73027
170730;2020;Dueré;TO;4686;0.0;69.86301369863014;0.42680324370465217;58.9041095890411;9.090909090909092;6.402048655569782;2.1340162185232607;13.698630136986301;21.340162185232607;44.60093896713615;34.14425949637217;2;Atenção Primária Efetiva;#1a9850
170740;2020;Esperantina;TO;11139;20.689655172413794;52.41379310344828;0.17954933117874136;40.689655172413794;0.0;0.0;2.6932399676811203;24.137931034482758;0.0;20.558398419965886;28.72789298859862;0;Vulnerabilidade Social/Sanitária;#d73027
170755;2020;Fátima;TO;3830;0.0;56.52173913043478;0.5221932114882506;45.65217391304348;4.166666666666666;2.610966057441253;2.610966057441253;21.73913043478261;0.0;61.8798955613577;41.77545691906005;2;Atenção Primária Efetiva;#1a9850
170765;2020;Figueirópolis;TO;5243;0.0;50.90909090909091;0.3814609956131986;63.63636363636363;10.526315789473683;7.629219912263971;1.9073049780659928;16.363636363636363;0.0;44.05874499332443;7.629219912263971;2;Atenção Primária Efetiva;#1a9850
170770;2020;Filadélfia;TO;8874;20.0;59.0;0.225377507324769;46.0;1.6666666666666667;1.1268875366238449;3.3806626098715347;22.0;11.268875366238449;30.200585981519044;15.776425512733828;0;Vulnerabilidade Social/Sanitária;#d73027
170820;2020;Formoso do Araguaia;TO;18399;12.145748987854251;60.72874493927125;0.10870155986738408;59.91902834008097;2.272727272727273;1.6305233980107614;8.696124789390728;19.4331983805668;38.04554595358444;45.980759823903476;22.82732757215066;0;Vulnerabilidade Social/Sanitária;#d73027
170825;2020;Tabocão;TO;2602;0.0;43.54838709677419;0.7686395080707148;80.64516129032258;0.0;0.0;7.686395080707149;17.741935483870968;38.431975403535745;65.71867794004612;30.745580322828594;2;Atenção Primária Efetiva;#1a9850
170830;2020;Goianorte;TO;5130;0.0;70.76923076923077;0.3898635477582846;76.92307692307693;5.0;1.949317738791423;1.949317738791423;26.153846153846157;38.98635477582846;33.72319688109162;31.189083820662766;2;Atenção Primária Efetiva;#1a9850
170900;2020;Goiatins;TO;13095;16.949152542372882;51.69491525423729;0.15273004963726614;39.83050847457627;6.41025641025641;3.8182512409316534;15.273004963726613;32.6271186440678;15.273004963726612;47.499045437189764;30.546009927453227;0;Vulnerabilidade Social/Sanitária;#d73027
170930;2020;Guaraí;TO;26165;5.405405405405405;62.70270270270271;0.0764379896808714;77.83783783783784;1.3245033112582782;0.764379896808714;9.554748710108925;18.91891891891892;26.75329638830499;48.69099942671508;30.575195872348555;2;Atenção Primária Efetiva;#1a9850
170950;2020;Gurupi;TO;87545;3.117692907248636;71.31722525331254;0.022845393797475584;75.05845674201092;1.0101010101010102;0.5711348449368896;5.939802387343652;13.87373343725643;47.975326974698724;49.231823633559884;26.157975898109544;2;Atenção Primária Efetiva;#1a9850
170980;2020;Ipueiras;TO;2052;0.0;65.0;0.4873294346978557;45.0;0.0;0.0;19.49317738791423;25.0;0.0;51.16959064327485;38.98635477582846;2;Atenção Primária Efetiva;#1a9850
171050;2020;Itacajá;TO;7452;32.786885245901644;50.0;0.2683843263553409;45.90163934426229;2.0408163265306123;1.3419216317767042;18.78690284487386;26.229508196721312;107.35373054213633;48.980139559849704;32.2061191626409;0;Vulnerabilidade Social/Sanitária;#d73027
171070;2020;Itaguatins;TO;5832;0.0;46.26865671641791;0.17146776406035663;50.74626865671642;0.0;0.0;17.146776406035663;22.388059701492537;17.146776406035663;18.00411522633745;39.437585733882024;2;Atenção Primária Efetiva;#1a9850
171090;2020;Itapiratins;TO;3795;17.543859649122805;66.66666666666666;0.5270092226613965;78.94736842105263;4.0;2.6350461133069825;0.0;22.807017543859647;0.0;38.471673254281946;26.350461133069828;0;Vulnerabilidade Social/Sanitária;#d73027
171110;2020;Itaporã do Tocantins;TO;2420;30.303030303030305;60.60606060606061;0.8264462809917356;84.84848484848484;9.090909090909092;8.264462809917354;4.132231404958677;12.121212121212121;82.64462809917354;38.84297520661157;33.05785123966942;0;Vulnerabilidade Social/Sanitária;#d73027
171150;2020;Jaú do Tocantins;TO;3878;0.0;72.72727272727273;0.5157297576070139;69.6969696969697;0.0;0.0;2.57864878803507;18.181818181818183;25.7864878803507;34.81175863847344;41.25838060856112;2;Atenção Primária Efetiva;#1a9850
171180;2020;Juarina;TO;2184;0.0;70.58823529411765;0.45787545787545786;55.88235294117647;11.11111111111111;4.5787545787545785;0.0;17.647058823529413;45.78754578754579;54.02930402930403;32.05128205128205;2;Atenção Primária Efetiva;#1a9850
171190;2020;Lagoa da Confusão;TO;13676;11.406844106463879;71.86311787072243;0.14624159110851126;52.09125475285171;5.084745762711865;2.193623866627669;17.54899093302135;24.334600760456272;95.05703422053232;48.7715706346885;17.54899093302135;0;Vulnerabilidade Social/Sanitária;#d73027
171195;2020;Lagoa do Tocantins;TO;4393;0.0;62.5;0.45526974732529024;30.357142857142854;8.333333333333332;4.552697473252903;4.552697473252903;30.357142857142854;68.29046209879354;51.90075119508308;36.42157978602322;2;Atenção Primária Efetiva;#1a9850
171200;2020;Lajeado;TO;3167;17.857142857142858;62.5;0.6315124723713293;46.42857142857143;8.695652173913043;6.315124723713293;18.945374171139882;17.857142857142858;94.7268708556994;82.72813388064414;25.26049889485317;1;Sobrecarga de Doenças Crônicas;#fc8d59
171215;2020;Lavandeira;TO;1954;0.0;71.42857142857143;1.0235414534288638;57.14285714285714;0.0;0.0;5.117707267144319;38.095238095238095;0.0;19.959058341862846;40.941658137154555;2;Atenção Primária Efetiva;#1a9850
171240;2020;Lizarda;TO;3733;0.0;28.888888888888886;0.2678810608090008;48.888888888888886;9.523809523809524;5.357621216180016;5.357621216180016;24.444444444444443;53.576212161800164;38.57487275649612;16.072863648540046;2;Atenção Primária Efetiva;#1a9850
171245;2020;Luzinópolis;TO;3154;0.0;82.85714285714286;0.6341154090044389;45.714285714285715;11.76470588235294;6.341154090044388;0.0;11.428571428571429;0.0;24.730500951173116;25.364616360177553;2;Atenção Primária Efetiva;#1a9850
171250;2020;Marianópolis do Tocantins;TO;5254;15.151515151515152;63.63636363636363;0.1903311762466692;42.42424242424242;11.11111111111111;5.709935287400076;11.419870574800152;31.818181818181817;76.13247049866769;43.39550818424058;30.452988199467075;0;Vulnerabilidade Social/Sanitária;#d73027
171270;2020;Mateiros;TO;2729;0.0;40.476190476190474;0.7328691828508611;42.857142857142854;0.0;0.0;0.0;30.952380952380953;36.64345914254306;31.879809454012463;21.986075485525834;2;Atenção Primária Efetiva;#1a9850
171280;2020;Maurilândia do Tocantins;TO;3448;0.0;48.64864864864865;0.580046403712297;48.64864864864865;0.0;0.0;2.9002320185614847;27.027027027027028;174.0139211136891;19.1415313225058;46.403712296983755;3;Vulnerabilidade Social/Sanitária;#d73027
171320;2020;Miracema do Tocantins;TO;17936;12.345679012345679;60.802469135802475;0.11150758251561106;54.32098765432099;0.0;0.0;21.1864406779661;20.98765432098765;111.50758251561106;77.44201605709189;35.68242640499554;1;Sobrecarga de Doenças Crônicas;#fc8d59
171330;2020;Miranorte;TO;13493;10.752688172043012;56.98924731182796;0.1482250055584377;62.903225806451616;1.8181818181818181;1.482250055584377;14.081375528051582;23.118279569892472;59.29000222337508;58.474764692803674;23.71600088935003;0;Vulnerabilidade Social/Sanitária;#d73027
171360;2020;Monte do Carmo;TO;8066;0.0;70.83333333333334;0.24795437639474338;47.22222222222222;0.0;0.0;1.239771881973717;29.166666666666668;24.795437639474336;41.53235804611952;19.83635011157947;2;Atenção Primária Efetiva;#1a9850
171370;2020;Monte Santo do Tocantins;TO;2295;0.0;60.0;0.8714596949891067;52.0;10.526315789473683;8.714596949891067;34.85838779956427;12.0;43.57298474945534;67.97385620915033;26.143790849673202;1;Sobrecarga de Doenças Crônicas;#fc8d59
171380;2020;Palmeiras do Tocantins;TO;6745;16.393442622950822;68.85245901639344;0.2965159377316531;49.18032786885246;0.0;0.0;4.447739065974797;18.0327868852459;44.47739065974796;27.724240177909564;35.58191252779837;0;Vulnerabilidade Social/Sanitária;#d73027
171395;2020;Muricilândia;TO;3587;0.0;67.79661016949152;0.5575689991636466;61.016949152542374;0.0;0.0;11.15137998327293;30.508474576271187;0.0;41.53889043769166;44.60551993309172;2;Atenção Primária Efetiva;#1a9850
171420;2020;Natividade;TO;9250;7.633587786259541;70.99236641221374;0.2162162162162162;49.61832061068702;9.230769230769232;6.486486486486486;5.405405405405405;16.793893129770993;32.43243243243243;42.7027027027027;34.5945945945946;2;Atenção Primária Efetiva;#1a9850
171430;2020;Nazaré;TO;3834;0.0;74.50980392156863;0.5216484089723527;49.01960784313725;3.7037037037037033;2.608242044861763;2.608242044861763;21.568627450980394;0.0;39.6452790818988;36.515388628064684;2;Atenção Primária Efetiva;#1a9850
171488;2020;Nova Olinda;TO;11917;12.903225806451612;65.80645161290323;0.16782747335738862;52.903225806451616;0.0;0.0;8.39137366786943;22.58064516129032;25.174121003608292;42.96383317949149;26.852395737182178;0;Vulnerabilidade Social/Sanitária;#d73027
171500;2020;Nova Rosalândia;TO;4304;24.390243902439025;90.2439024390244;0.4646840148698885;48.78048780487805;3.3333333333333335;2.323420074349442;0.0;17.073170731707318;23.234200743494423;35.083643122676584;37.174721189591075;0;Vulnerabilidade Social/Sanitária;#d73027
171510;2020;Novo Acordo;TO;4397;0.0;59.45945945945946;0.45485558335228565;54.054054054054056;0.0;0.0;4.548555833522856;28.37837837837838;90.97111667045712;58.90379804412099;31.839890834659997;2;Atenção Primária Efetiva;#1a9850
171515;2020;Novo Alegre;TO;2332;0.0;68.42105263157895;0.4288164665523156;31.57894736842105;0.0;0.0;4.288164665523156;31.57894736842105;0.0;28.30188679245283;34.305317324185246;2;Atenção Primária Efetiva;#1a9850
171525;2020;Novo Jardim;TO;2745;34.48275862068965;62.06896551724138;0.36429872495446264;48.275862068965516;11.11111111111111;7.285974499089253;3.6429872495446265;13.793103448275861;0.0;28.77959927140255;29.143897996357012;0;Vulnerabilidade Social/Sanitária;#d73027
171550;2020;Oliveira de Fátima;TO;1118;0.0;88.23529411764706;1.7889087656529516;41.17647058823529;0.0;0.0;8.94454382826476;11.76470588235294;89.44543828264759;83.18425760286226;62.61180679785331;1;Sobrecarga de Doenças Crônicas;#fc8d59
171570;2020;Palmeirante;TO;6131;17.857142857142858;62.5;0.326211058554885;57.14285714285714;4.166666666666666;1.631055292774425;3.26211058554885;14.285714285714285;0.0;34.25216114826293;24.465829391616374;0;Vulnerabilidade Social/Sanitária;#d73027
171575;2020;Palmeirópolis;TO;7676;27.397260273972602;76.71232876712328;0.2605523710265763;63.013698630136986;6.8181818181818175;3.908285565398645;3.908285565398645;27.397260273972602;13.027618551328816;40.385617509119335;31.26628452318916;0;Vulnerabilidade Social/Sanitária;#d73027
171610;2020;Paraíso do Tocantins;TO;51891;10.895883777239709;74.57627118644068;0.0385423291129483;54.116222760290555;0.31545741324921134;0.1927116455647415;10.213717214931298;16.585956416464892;32.76097974600605;56.387427492243354;26.20878379680484;0;Vulnerabilidade Social/Sanitária;#d73027
171620;2020;Paranã;TO;10437;5.847953216374268;51.461988304093566;0.19162594615310913;47.953216374269005;3.0303030303030303;1.9162594615310913;24.911372999904188;25.146198830409354;28.74389192296637;59.691482226693495;30.66015138449746;1;Sobrecarga de Doenças Crônicas;#fc8d59
171630;2020;Pau D'Arco;TO;4867;30.303030303030305;74.24242424242425;0.41093075816724883;48.484848484848484;3.225806451612903;2.054653790836244;12.327922745017466;27.27272727272727;41.093075816724884;46.64064105198274;32.874460653379906;0;Vulnerabilidade Social/Sanitária;#d73027
171650;2020;Pedro Afonso;TO;13773;31.872509960159363;60.95617529880478;0.1452116459740071;66.53386454183267;5.769230769230769;4.356349379220213;29.76838742467146;19.9203187250996;21.78174689610107;64.90960575038119;29.04232919480142;1;Sobrecarga de Doenças Crônicas;#fc8d59
171660;2020;Peixe;TO;11873;14.925373134328359;65.67164179104478;0.168449423060726;56.71641791044776;0.0;0.0;7.5802240377326715;20.149253731343283;58.9572980712541;49.35568095679272;26.951907689716162;0;Vulnerabilidade Social/Sanitária;#d73027
171665;2020;Pequizeiro;TO;5512;0.0;80.0;0.36284470246734396;83.33333333333334;6.451612903225806;3.6284470246734397;1.8142235123367199;18.333333333333332;0.0;32.29317851959362;29.027576197387518;2;Atenção Primária Efetiva;#1a9850
171670;2020;Colméia;TO;8141;19.230769230769234;76.92307692307693;0.24567006510256725;75.0;5.357142857142857;3.6850509765385087;9.82680260410269;33.65384615384615;24.567006510256725;40.65839577447488;39.30721041641076;0;Vulnerabilidade Social/Sanitária;#d73027
171700;2020;Pindorama do Tocantins;TO;4430;0.0;55.10204081632652;0.45146726862302483;48.97959183673469;4.3478260869565215;2.257336343115124;11.28668171557562;30.612244897959183;0.0;49.43566591422122;36.11738148984198;2;Atenção Primária Efetiva;#1a9850
171720;2020;Piraquê;TO;3033;0.0;43.333333333333336;0.6594131223211342;60.0;0.0;0.0;13.188262446422684;16.666666666666664;32.97065611605671;33.63006923837784;26.376524892845367;2;Atenção Primária Efetiva;#1a9850
171750;2020;Pium;TO;7743;0.0;59.30232558139535;0.2582978173834431;29.069767441860467;4.545454545454546;2.582978173834431;41.3276507813509;26.744186046511626;38.74467260751647;56.69637091566576;30.995738086013173;1;Sobrecarga de Doenças Crônicas;#fc8d59
171780;2020;Ponte Alta do Bom Jesus;TO;4591;0.0;64.70588235294117;0.43563493792202135;39.21568627450981;0.0;0.0;17.425397516880853;19.607843137254903;0.0;28.969723371814418;34.850795033761706;2;Atenção Primária Efetiva;#1a9850
171790;2020;Ponte Alta do Tocantins;TO;8116;10.309278350515465;78.35051546391753;0.24642681123706262;49.48453608247423;0.0;0.0;7.392804337111878;24.742268041237114;61.60670280926564;37.45687530803352;20.94627895515032;0;Vulnerabilidade Social/Sanitária;#d73027
171800;2020;Porto Alegre do Tocantins;TO;3170;0.0;70.45454545454545;0.6309148264984228;36.36363636363637;6.25;3.154574132492114;3.154574132492114;20.454545454545457;31.54574132492114;32.80757097791798;22.082018927444793;2;Atenção Primária Efetiva;#1a9850
171820;2020;Porto Nacional;TO;53316;10.970464135021098;70.21097046413503;0.037512191462225224;52.742616033755276;3.6585365853658534;2.8134143596668917;18.380973816490357;15.021097046413502;45.01462975467027;83.35208942906443;28.50926551129117;1;Sobrecarga de Doenças Crônicas;#fc8d59
171830;2020;Praia Norte;TO;8498;12.345679012345679;50.617283950617285;0.2353494939985879;48.148148148148145;2.272727272727273;1.1767474699929394;14.120969639915275;22.22222222222222;0.0;21.4168039538715;28.24193927983055;2;Atenção Primária Efetiva;#1a9850
171840;2020;Presidente Kennedy;TO;3676;0.0;87.5;0.544069640914037;77.5;2.857142857142857;2.7203482045701852;19.042437431991296;32.5;54.4069640914037;39.44504896626768;38.08487486398259;2;Atenção Primária Efetiva;#1a9850
171845;2020;Pugmil;TO;2717;0.0;67.85714285714286;0.736105999263894;50.0;20.0;11.04158998895841;14.72211998527788;39.285714285714285;110.41589988958411;46.006624953993374;29.44423997055576;2;Atenção Primária Efetiva;#1a9850
171850;2020;Recursolândia;TO;4342;27.027027027027028;43.24324324324324;0.460617227084293;62.16216216216216;0.0;0.0;9.212344541685859;27.027027027027028;230.30861354214645;34.77660064486412;36.849378166743435;3;Vulnerabilidade Social/Sanitária;#d73027
171855;2020;Riachinho;TO;4684;37.03703703703704;68.51851851851852;0.4269854824935952;46.2962962962963;0.0;0.0;19.214346712211785;27.77777777777778;21.34927412467976;40.563620836891545;34.158838599487616;0;Vulnerabilidade Social/Sanitária;#d73027
171865;2020;Rio da Conceição;TO;2171;0.0;53.57142857142857;0.921234454168586;35.714285714285715;7.142857142857142;4.606172270842929;9.212344541685859;17.857142857142858;0.0;30.400736987563334;32.2432058959005;2;Atenção Primária Efetiva;#1a9850
171870;2020;Rio dos Bois;TO;2856;0.0;55.26315789473685;0.35014005602240894;57.89473684210527;8.333333333333332;3.5014005602240896;14.005602240896359;23.684210526315788;35.0140056022409;58.8235294117647;28.011204481792717;2;Atenção Primária Efetiva;#1a9850
171875;2020;Rio Sono;TO;6488;15.625;73.4375;0.3082614056720099;60.9375;4.761904761904762;3.082614056720099;3.082614056720099;26.5625;46.23921085080148;36.83723797780518;36.99136868064119;0;Vulnerabilidade Social/Sanitária;#d73027
171880;2020;Sampaio;TO;4794;24.691358024691358;86.41975308641975;0.4171881518564873;38.2716049382716;0.0;0.0;10.429703796412182;28.39506172839506;41.71881518564873;39.00709219858156;33.37505214851898;0;Vulnerabilidade Social/Sanitária;#d73027
171884;2020;Sandolândia;TO;3373;0.0;61.702127659574465;0.5929439667951378;70.2127659574468;6.0606060606060606;5.929439667951378;35.57663800770827;29.78723404255319;59.29439667951378;73.22857989919952;47.435517343611025;1;Sobrecarga de Doenças Crônicas;#fc8d59
171886;2020;Santa Fé do Araguaia;TO;7595;7.874015748031496;71.65354330708661;0.26333113890717574;49.60629921259843;3.0303030303030303;1.3166556945358787;2.6333113890717574;25.196850393700785;210.6649111257406;36.866359447004605;31.59973666886109;3;Vulnerabilidade Social/Sanitária;#d73027
171888;2020;Santa Maria do Tocantins;TO;3486;52.63157894736842;47.368421052631575;0.5737234652897303;50.0;6.666666666666667;2.8686173264486516;5.737234652897303;31.57894736842105;57.37234652897303;37.005163511187604;22.948938611589213;0;Vulnerabilidade Social/Sanitária;#d73027
171889;2020;Santa Rita do Tocantins;TO;2386;26.31578947368421;94.73684210526315;0.8382229673093042;52.63157894736842;13.333333333333334;8.382229673093043;16.764459346186086;34.21052631578947;41.911148365465216;40.65381391450126;33.52891869237217;0;Vulnerabilidade Social/Sanitária;#d73027
171890;2020;Santa Rosa do Tocantins;TO;4846;0.0;75.30864197530865;0.41271151465125877;49.382716049382715;3.8461538461538463;2.063557573256294;4.127115146512588;22.22222222222222;20.63557573256294;47.25546842756913;33.0169211721007;2;Atenção Primária Efetiva;#1a9850
171900;2020;Santa Tereza do Tocantins;TO;2897;0.0;63.49206349206349;0.6903693476009665;46.03174603174603;0.0;0.0;27.61477390403866;30.158730158730158;34.51846738004832;59.026579219882635;13.80738695201933;1;Sobrecarga de Doenças Crônicas;#fc8d59
172000;2020;Santa Terezinha do Tocantins;TO;2530;0.0;86.36363636363636;0.3952569169960474;63.63636363636363;0.0;0.0;3.952569169960474;22.727272727272727;0.0;26.877470355731226;31.620553359683793;2;Atenção Primária Efetiva;#1a9850
172010;2020;São Bento do Tocantins;TO;5391;0.0;44.11764705882353;0.3709886848451122;47.05882352941176;8.823529411764707;5.564830272676684;9.274717121127805;19.11764705882353;18.54943424225561;34.872936375440545;29.679094787608975;2;Atenção Primária Efetiva;#1a9850
172015;2020;São Félix do Tocantins;TO;1598;0.0;25.0;0.6257822277847309;45.83333333333333;0.0;0.0;12.51564455569462;25.0;0.0;71.33917396745933;50.06257822277848;1;Sobrecarga de Doenças Crônicas;#fc8d59
172020;2020;São Miguel do Tocantins;TO;12294;15.873015873015872;70.63492063492063;0.16268098259313488;35.714285714285715;3.7735849056603774;1.6268098259313488;3.2536196518626976;26.984126984126984;16.268098259313486;6.832601268911665;32.53619651862697;0;Vulnerabilidade Social/Sanitária;#d73027
172025;2020;São Salvador do Tocantins;TO;3094;0.0;61.111111111111114;0.32320620555914675;61.111111111111114;6.25;3.2320620555914674;0.0;22.22222222222222;32.32062055591467;21.65481577246283;51.71299288946348;2;Atenção Primária Efetiva;#1a9850
172030;2020;São Sebastião do Tocantins;TO;4852;0.0;66.26506024096386;0.41220115416323166;43.373493975903614;0.0;0.0;6.183017312448475;26.506024096385545;20.610057708161584;27.411376751854906;28.854080791426217;2;Atenção Primária Efetiva;#1a9850
172049;2020;São Valério;TO;3904;22.727272727272727;77.27272727272727;0.5122950819672132;52.27272727272727;0.0;0.0;12.807377049180326;27.27272727272727;179.30327868852459;49.69262295081967;40.98360655737705;3;Vulnerabilidade Social/Sanitária;#d73027
172065;2020;Silvanópolis;TO;5428;0.0;72.8395061728395;0.36845983787767134;50.617283950617285;0.0;0.0;5.5268975681650705;18.51851851851852;55.2689756816507;47.71554900515844;29.476787030213707;2;Atenção Primária Efetiva;#1a9850
172080;2020;Sítio Novo do Tocantins;TO;8997;19.867549668874172;67.54966887417218;0.2222963209958875;49.668874172185426;2.0408163265306123;1.1114816049794376;7.780371234856062;28.47682119205298;33.344448149383126;21.00700233411137;52.239635434033566;0;Vulnerabilidade Social/Sanitária;#d73027
172085;2020;Sucupira;TO;1986;0.0;81.48148148148148;1.0070493454179255;55.55555555555556;0.0;0.0;5.0352467270896275;22.22222222222222;0.0;47.3313192346425;40.28197381671702;2;Atenção Primária Efetiva;#1a9850
172090;2020;Taguatinga;TO;16825;25.862068965517242;60.3448275862069;0.1188707280832095;47.41379310344828;5.9405940594059405;3.5661218424962855;5.943536404160475;18.96551724137931;17.830609212481427;20.26745913818722;19.01931649331352;0;Vulnerabilidade Social/Sanitária;#d73027
172093;2020;Taipas do Tocantins;TO;2166;0.0;86.66666666666667;0.4616805170821791;46.666666666666664;6.666666666666667;4.616805170821791;0.0;26.666666666666668;0.0;39.24284395198523;32.31763619575254;2;Atenção Primária Efetiva;#1a9850
172097;2020;Talismã;TO;2812;0.0;52.17391304347826;0.7112375533428166;78.26086956521739;7.142857142857142;3.556187766714083;10.668563300142248;13.043478260869565;0.0;37.33997155049787;28.449502133712663;2;Atenção Primária Efetiva;#1a9850
172100;2020;Palmas;TO;306296;12.13101496158512;74.01940962393854;0.0065296314675999684;55.76223210675293;1.5082956259426847;0.6529631467599969;5.7134275341499725;12.171451678123736;113.28910596285947;47.46715595371797;20.437746493587902;0;Vulnerabilidade Social/Sanitária;#d73027
172110;2020;Tocantínia;TO;7617;10.471204188481677;35.602094240837694;0.2625705658395694;40.83769633507853;17.77777777777778;10.502822633582776;19.692792437967704;32.460732984293195;105.02822633582775;82.70972823946435;13.12852829197847;1;Sobrecarga de Doenças Crônicas;#fc8d59
172120;2020;Tocantinópolis;TO;22845;2.680965147453083;68.63270777479893;0.08754650908295032;43.43163538873995;0.6172839506172839;0.4377325454147516;16.19610418034581;24.932975871313673;8.754650908295032;55.81089954038083;35.01860363318013;2;Atenção Primária Efetiva;#1a9850
172125;2020;Tupirama;TO;1922;0.0;55.26315789473685;0.5202913631633715;60.526315789473685;13.333333333333334;10.405827263267431;41.623309053069725;10.526315789473683;52.02913631633715;47.86680541103017;41.623309053069725;1;Sobrecarga de Doenças Crônicas;#fc8d59
172130;2020;Tupiratins;TO;2729;0.0;50.0;0.36643459142543056;67.85714285714286;11.76470588235294;7.328691828508611;18.32172957127153;21.428571428571427;0.0;34.8112861854159;29.314767314034444;2;Atenção Primária Efetiva;#1a9850
172208;2020;Wanderlândia;TO;11734;0.0;61.59420289855072;0.1704448610874382;55.072463768115945;0.0;0.0;3.4088972217487643;16.666666666666664;8.522243054371911;32.043633884438385;17.044486108743822;2;Atenção Primária Efetiva;#1a9850
172210;2020;Xambioá;TO;11520;20.72538860103627;58.03108808290155;0.1736111111111111;61.6580310880829;0.0;0.0;55.55555555555556;20.207253886010363;0.0;81.51041666666667;34.72222222222222;1;Sobrecarga de Doenças Crônicas;#fc8d59
