cod_mun_ibge_6;cod_mun_ibge_7;municipio;UF;ano;populacao;tipo;total_nascimentos;prenatal_7mais;COBERTURA_PRENATAL;ANO
170025;1700251;Abreulândia;TO;2021;2609;Original;30;17;56.666666666666664;2021
170030;1700301;Aguiarnópolis;TO;2021;7049;Original;91;71;78.02197802197803;2021
170035;1700350;Aliança do Tocantins;TO;2021;5303;Original;67;52;77.61194029850746;2021
170040;1700400;Almas;TO;2021;6905;Original;123;74;60.16260162601627;2021
170070;1700707;Alvorada;TO;2021;8381;Original;133;100;75.18796992481202;2021
170100;1701002;Ananás;TO;2021;9435;Original;156;110;70.51282051282051;2021
170105;1701051;Angico;TO;2021;3475;Original;33;26;78.78787878787878;2021
170110;1701101;Aparecida do Rio Negro;TO;2021;4901;Original;72;62;86.11111111111111;2021
170130;1701309;Aragominas;TO;2021;5705;Original;64;46;71.875;2021
170190;1701903;Araguacema;TO;2021;7223;Original;93;72;77.41935483870968;2021
170200;1702000;Araguaçu;TO;2021;8418;Original;94;66;70.2127659574468;2021
170210;1702109;Araguaína;TO;2021;186245;Original;3050;2121;69.54098360655738;2021
170215;1702158;Araguanã;TO;2021;5856;Original;64;41;64.0625;2021
170220;1702208;Araguatins;TO;2021;36573;Original;459;346;75.38126361655773;2021
170230;1702307;Arapoema;TO;2021;6590;Original;92;83;90.21739130434783;2021
170240;1702406;Arraias;TO;2021;10502;Original;137;82;59.854014598540154;2021
170255;1702554;Augustinópolis;TO;2021;18870;Original;300;213;71.0;2021
170270;1702703;Aurora do Tocantins;TO;2021;3809;Original;29;17;58.620689655172406;2021
170290;1702901;Axixá do Tocantins;TO;2021;9817;Original;198;110;55.55555555555556;2021
170300;1703008;Babaçulândia;TO;2021;10668;Original;92;57;61.95652173913043;2021
170305;1703057;Bandeirantes do Tocantins;TO;2021;3631;Original;57;48;84.21052631578947;2021
170307;1703073;Barra do Ouro;TO;2021;4673;Original;94;48;51.06382978723404;2021
170310;1703107;Barrolândia;TO;2021;5669;Original;61;32;52.459016393442624;2021
170320;1703206;Bernardo Sayão;TO;2021;4439;Original;51;39;76.47058823529412;2021
170330;1703305;Bom Jesus do Tocantins;TO;2021;5120;Original;73;49;67.12328767123287;2021
170360;1703602;Brasilândia do Tocantins;TO;2021;2221;Original;30;20;66.66666666666666;2021
170370;1703701;Brejinho de Nazaré;TO;2021;5540;Original;60;46;76.66666666666667;2021
170380;1703800;Buriti do Tocantins;TO;2021;11644;Original;146;105;71.91780821917808;2021
170382;1703826;Cachoeirinha;TO;2021;2293;Original;33;26;78.78787878787878;2021
170384;1703842;Campos Lindos;TO;2021;10505;Original;170;133;78.23529411764706;2021
170386;1703867;Cariri do Tocantins;TO;2021;4499;Original;54;45;83.33333333333334;2021
170388;1703883;Carmolândia;TO;2021;2627;Original;36;23;63.888888888888886;2021
170389;1703891;Carrasco Bonito;TO;2021;4165;Original;55;34;61.81818181818181;2021
170390;1703909;Caseara;TO;2021;5514;Original;85;55;64.70588235294117;2021
170410;1704105;Centenário;TO;2021;2966;Original;25;15;60.0;2021
170460;1704600;Chapada de Areia;TO;2021;1415;Original;13;7;53.84615384615385;2021
170510;1705102;Chapada da Natividade;TO;2021;3330;Original;50;36;72.0;2021
170550;1705508;Colinas do Tocantins;TO;2021;36271;Original;591;402;68.02030456852792;2021
170555;1705557;Combinado;TO;2021;4870;Original;54;37;68.51851851851852;2021
170560;1705607;Conceição do Tocantins;TO;2021;4070;Original;58;53;91.37931034482759;2021
170600;1706001;Couto Magalhães;TO;2021;5690;Original;79;58;73.41772151898735;2021
170610;1706100;Cristalândia;TO;2021;7268;Original;76;55;72.36842105263158;2021
170625;1706258;Crixás do Tocantins;TO;2021;1749;Original;17;11;64.70588235294117;2021
170650;1706506;Darcinópolis;TO;2021;6250;Original;111;65;58.55855855855856;2021
170700;1707009;Dianópolis;TO;2021;22704;Original;299;216;72.24080267558529;2021
170710;1707108;Divinópolis do Tocantins;TO;2021;6986;Original;105;92;87.61904761904762;2021
170720;1707207;Dois Irmãos do Tocantins;TO;2021;7173;Original;66;48;72.72727272727273;2021
170730;1707306;Dueré;TO;2021;4686;Original;57;43;75.43859649122807;2021
170740;1707405;Esperantina;TO;2021;11280;Original;139;97;69.7841726618705;2021
170755;1707553;Fátima;TO;2021;3824;Original;49;33;67.3469387755102;2021
170765;1707652;Figueirópolis;TO;2021;5222;Original;61;33;54.09836065573771;2021
170770;1707702;Filadélfia;TO;2021;8892;Original;94;48;51.06382978723404;2021
170820;1708205;Formoso do Araguaia;TO;2021;18358;Original;298;191;64.09395973154362;2021
170825;1708254;Tabocão;TO;2021;2615;Original;57;33;57.89473684210527;2021
170830;1708304;Goianorte;TO;2021;5136;Original;61;42;68.85245901639344;2021
170900;1709005;Goiatins;TO;2021;13169;Original;208;121;58.17307692307693;2021
170930;1709302;Guaraí;TO;2021;26403;Original;364;229;62.91208791208791;2021
170950;1709500;Gurupi;TO;2021;88428;Original;1263;875;69.27949326999209;2021
170980;1709807;Ipueiras;TO;2021;2088;Original;25;16;64.0;2021
171050;1710508;Itacajá;TO;2021;7471;Original;127;71;55.90551181102362;2021
171070;1710706;Itaguatins;TO;2021;5801;Original;66;35;53.03030303030303;2021
171090;1710904;Itapiratins;TO;2021;3814;Original;55;41;74.54545454545455;2021
171110;1711100;Itaporã do Tocantins;TO;2021;2412;Original;38;31;81.57894736842105;2021
171150;1711506;Jaú do Tocantins;TO;2021;3906;Original;29;18;62.06896551724138;2021
171180;1711803;Juarina;TO;2021;2174;Original;37;26;70.27027027027027;2021
171190;1711902;Lagoa da Confusão;TO;2021;13989;Original;289;212;73.35640138408304;2021
171195;1711951;Lagoa do Tocantins;TO;2021;4470;Original;63;46;73.01587301587301;2021
171200;1712009;Lajeado;TO;2021;3199;Original;58;34;58.620689655172406;2021
171215;1712157;Lavandeira;TO;2021;1984;Original;18;14;77.77777777777779;2021
171240;1712405;Lizarda;TO;2021;3727;Original;53;17;32.075471698113205;2021
171245;1712454;Luzinópolis;TO;2021;3200;Original;45;33;73.33333333333333;2021
171250;1712504;Marianópolis do Tocantins;TO;2021;5332;Original;65;41;63.07692307692307;2021
171270;1712702;Mateiros;TO;2021;2773;Original;40;29;72.5;2021
171280;1712801;Maurilândia do Tocantins;TO;2021;3470;Original;36;30;83.33333333333334;2021
171320;1713205;Miracema do Tocantins;TO;2021;17628;Original;295;161;54.57627118644067;2021
171330;1713304;Miranorte;TO;2021;13551;Original;175;116;66.28571428571428;2021
171360;1713601;Monte do Carmo;TO;2021;8182;Original;86;63;73.25581395348837;2021
171370;1713700;Monte Santo do Tocantins;TO;2021;2311;Original;28;20;71.42857142857143;2021
171380;1713809;Palmeiras do Tocantins;TO;2021;6830;Original;72;50;69.44444444444444;2021
171395;1713957;Muricilândia;TO;2021;3623;Original;55;45;81.81818181818183;2021
171420;1714203;Natividade;TO;2021;9256;Original;103;74;71.84466019417476;2021
171430;1714302;Nazaré;TO;2021;3772;Original;62;43;69.35483870967742;2021
171488;1714880;Nova Olinda;TO;2021;12014;Original;162;117;72.22222222222221;2021
171500;1715002;Nova Rosalândia;TO;2021;4348;Original;48;36;75.0;2021
171510;1715101;Novo Acordo;TO;2021;4450;Original;62;43;69.35483870967742;2021
171515;1715150;Novo Alegre;TO;2021;2332;Original;23;22;95.65217391304348;2021
171525;1715259;Novo Jardim;TO;2021;2768;Original;43;30;69.76744186046511;2021
171550;1715507;Oliveira de Fátima;TO;2021;1124;Original;16;14;87.5;2021
171570;1715705;Palmeirante;TO;2021;6234;Original;50;25;50.0;2021
171575;1715754;Palmeirópolis;TO;2021;7694;Original;85;68;80.0;2021
171610;1716109;Paraíso do Tocantins;TO;2021;52521;Original;795;615;77.35849056603774;2021
171620;1716208;Paranã;TO;2021;10426;Original;162;90;55.55555555555556;2021
171630;1716307;Pau D'Arco;TO;2021;4885;Original;66;49;74.24242424242425;2021
171650;1716505;Pedro Afonso;TO;2021;13964;Original;220;147;66.81818181818183;2021
171660;1716604;Peixe;TO;2021;11996;Original;130;93;71.53846153846153;2021
171665;1716653;Pequizeiro;TO;2021;5546;Original;68;55;80.88235294117648;2021
171670;1716703;Colméia;TO;2021;8078;Original;124;100;80.64516129032258;2021
171700;1717008;Pindorama do Tocantins;TO;2021;4414;Original;44;31;70.45454545454545;2021
171720;1717206;Piraquê;TO;2021;3038;Original;37;26;70.27027027027027;2021
171750;1717503;Pium;TO;2021;7830;Original;82;58;70.73170731707317;2021
171780;1717800;Ponte Alta do Bom Jesus;TO;2021;4586;Original;34;25;73.52941176470588;2021
171790;1717909;Ponte Alta do Tocantins;TO;2021;8192;Original;119;89;74.78991596638656;2021
171800;1718006;Porto Alegre do Tocantins;TO;2021;3200;Original;48;31;64.58333333333334;2021
171820;1718204;Porto Nacional;TO;2021;53618;Original;1115;779;69.86547085201794;2021
171830;1718303;Praia Norte;TO;2021;8563;Original;99;67;67.67676767676768;2021
171840;1718402;Presidente Kennedy;TO;2021;3668;Original;44;38;86.36363636363636;2021
171845;1718451;Pugmil;TO;2021;2746;Original;31;25;80.64516129032258;2021
171850;1718501;Recursolândia;TO;2021;4389;Original;60;51;85.0;2021
171855;1718550;Riachinho;TO;2021;4723;Original;66;51;77.27272727272727;2021
171865;1718659;Rio da Conceição;TO;2021;2211;Original;31;18;58.06451612903226;2021
171870;1718709;Rio dos Bois;TO;2021;2879;Original;40;29;72.5;2021
171875;1718758;Rio Sono;TO;2021;6498;Original;67;49;73.13432835820896;2021
171880;1718808;Sampaio;TO;2021;4876;Original;88;71;80.68181818181817;2021
171884;1718840;Sandolândia;TO;2021;3371;Original;44;36;81.81818181818183;2021
171886;1718865;Santa Fé do Araguaia;TO;2021;7678;Original;114;98;85.96491228070175;2021
171888;1718881;Santa Maria do Tocantins;TO;2021;3537;Original;39;22;56.41025641025641;2021
171889;1718899;Santa Rita do Tocantins;TO;2021;2407;Original;30;25;83.33333333333334;2021
171890;1718907;Santa Rosa do Tocantins;TO;2021;4864;Original;89;61;68.53932584269663;2021
171900;1719004;Santa Tereza do Tocantins;TO;2021;2928;Original;53;40;75.47169811320755;2021
172000;1720002;Santa Terezinha do Tocantins;TO;2021;2530;Original;28;25;89.28571428571429;2021
172010;1720101;São Bento do Tocantins;TO;2021;5457;Original;79;54;68.35443037974683;2021
172015;1720150;São Félix do Tocantins;TO;2021;1610;Original;21;12;57.14285714285714;2021
172020;1720200;São Miguel do Tocantins;TO;2021;12445;Original;155;94;60.64516129032258;2021
172025;1720259;São Salvador do Tocantins;TO;2021;3106;Original;26;19;73.07692307692307;2021
172030;1720309;São Sebastião do Tocantins;TO;2021;4898;Original;56;45;80.35714285714286;2021
172049;1720499;São Valério;TO;2021;3848;Original;40;31;77.5;2021
172065;1720655;Silvanópolis;TO;2021;5452;Original;63;41;65.07936507936508;2021
172080;1720804;Sítio Novo do Tocantins;TO;2021;8965;Original;135;110;81.48148148148148;2021
172085;1720853;Sucupira;TO;2021;2007;Original;19;18;94.73684210526315;2021
172090;1720903;Taguatinga;TO;2021;16966;Original;173;106;61.27167630057804;2021
172093;1720937;Taipas do Tocantins;TO;2021;2183;Original;33;25;75.75757575757575;2021
172097;1720978;Talismã;TO;2021;2831;Original;33;16;48.484848484848484;2021
172100;1721000;Palmas;TO;2021;313349;Original;4941;3735;75.591985428051;2021
172110;1721109;Tocantínia;TO;2021;7688;Original;189;92;48.67724867724868;2021
172120;1721208;Tocantinópolis;TO;2021;22820;Original;445;342;76.85393258426966;2021
172125;1721257;Tupirama;TO;2021;1952;Original;34;25;73.52941176470588;2021
172130;1721307;Tupiratins;TO;2021;2785;Original;33;22;66.66666666666666;2021
172208;1722081;Wanderlândia;TO;2021;11783;Original;145;100;68.96551724137932;2021
172210;1722107;Xambioá;TO;2021;11500;Original;174;106;60.91954022988506;2021
170025;1700251;Abreulândia;TO;2022;2626;Estimativa (Spline);34;28;82.35294117647058;2022
170030;1700301;Aguiarnópolis;TO;2022;6938;Estimativa (Spline);77;62;80.51948051948052;2022
170035;1700350;Aliança do Tocantins;TO;2022;5267;Estimativa (Spline);57;42;73.68421052631578;2022
170040;1700400;Almas;TO;2022;6823;Estimativa (Spline);98;66;67.3469387755102;2022
170070;1700707;Alvorada;TO;2022;8439;Estimativa (Spline);120;90;75.0;2022
170100;1701002;Ananás;TO;2022;9508;Estimativa (Spline);135;91;67.4074074074074;2022
170105;1701051;Angico;TO;2022;3440;Estimativa (Spline);41;36;87.8048780487805;2022
170110;1701101;Aparecida do Rio Negro;TO;2022;4956;Estimativa (Spline);78;58;74.35897435897436;2022
170130;1701309;Aragominas;TO;2022;5658;Estimativa (Spline);69;55;79.71014492753623;2022
170190;1701903;Araguacema;TO;2022;7168;Estimativa (Spline);71;56;78.87323943661971;2022
170200;1702000;Araguaçu;TO;2022;8373;Estimativa (Spline);104;74;71.15384615384616;2022
170210;1702109;Araguaína;TO;2022;187955;Estimativa (Spline);2961;2145;72.44174265450862;2022
170215;1702158;Araguanã;TO;2022;5767;Estimativa (Spline);45;31;68.88888888888889;2022
170220;1702208;Araguatins;TO;2022;36575;Estimativa (Spline);473;348;73.57293868921776;2022
170230;1702307;Arapoema;TO;2022;6481;Estimativa (Spline);82;74;90.2439024390244;2022
170240;1702406;Arraias;TO;2022;10485;Estimativa (Spline);105;79;75.23809523809524;2022
170255;1702554;Augustinópolis;TO;2022;18974;Estimativa (Spline);293;229;78.15699658703072;2022
170270;1702703;Aurora do Tocantins;TO;2022;3794;Estimativa (Spline);24;18;75.0;2022
170290;1702901;Axixá do Tocantins;TO;2022;9919;Estimativa (Spline);164;117;71.34146341463415;2022
170300;1703008;Babaçulândia;TO;2022;10413;Estimativa (Spline);93;76;81.72043010752688;2022
170305;1703057;Bandeirantes do Tocantins;TO;2022;3652;Estimativa (Spline);50;34;68.0;2022
170307;1703073;Barra do Ouro;TO;2022;4702;Estimativa (Spline);68;43;63.23529411764706;2022
170310;1703107;Barrolândia;TO;2022;5615;Estimativa (Spline);61;30;49.18032786885246;2022
170320;1703206;Bernardo Sayão;TO;2022;4424;Estimativa (Spline);45;42;93.33333333333333;2022
170330;1703305;Bom Jesus do Tocantins;TO;2022;5117;Estimativa (Spline);85;69;81.17647058823529;2022
170360;1703602;Brasilândia do Tocantins;TO;2022;2210;Estimativa (Spline);28;16;57.14285714285714;2022
170370;1703701;Brejinho de Nazaré;TO;2022;5489;Estimativa (Spline);53;41;77.35849056603774;2022
170380;1703800;Buriti do Tocantins;TO;2022;11665;Estimativa (Spline);120;95;79.16666666666666;2022
170382;1703826;Cachoeirinha;TO;2022;2273;Estimativa (Spline);26;16;61.53846153846154;2022
170384;1703842;Campos Lindos;TO;2022;10508;Estimativa (Spline);160;129;80.625;2022
170386;1703867;Cariri do Tocantins;TO;2022;4511;Estimativa (Spline);59;55;93.22033898305084;2022
170388;1703883;Carmolândia;TO;2022;2612;Estimativa (Spline);27;19;70.37037037037037;2022
170389;1703891;Carrasco Bonito;TO;2022;4119;Estimativa (Spline);54;46;85.18518518518519;2022
170390;1703909;Caseara;TO;2022;5522;Estimativa (Spline);62;47;75.80645161290323;2022
170410;1704105;Centenário;TO;2022;2913;Estimativa (Spline);15;9;60.0;2022
170460;1704600;Chapada de Areia;TO;2022;1433;Estimativa (Spline);26;15;57.692307692307686;2022
170510;1705102;Chapada da Natividade;TO;2022;3318;Estimativa (Spline);43;34;79.06976744186046;2022
170550;1705508;Colinas do Tocantins;TO;2022;36560;Estimativa (Spline);511;382;74.75538160469667;2022
170555;1705557;Combinado;TO;2022;4881;Estimativa (Spline);57;46;80.7017543859649;2022
170560;1705607;Conceição do Tocantins;TO;2022;4049;Estimativa (Spline);52;43;82.6923076923077;2022
170600;1706001;Couto Magalhães;TO;2022;5713;Estimativa (Spline);65;46;70.76923076923077;2022
170610;1706100;Cristalândia;TO;2022;7189;Estimativa (Spline);73;60;82.1917808219178;2022
170625;1706258;Crixás do Tocantins;TO;2022;1738;Estimativa (Spline);16;13;81.25;2022
170650;1706506;Darcinópolis;TO;2022;6289;Estimativa (Spline);102;68;66.66666666666666;2022
170700;1707009;Dianópolis;TO;2022;22493;Estimativa (Spline);291;202;69.41580756013745;2022
170710;1707108;Divinópolis do Tocantins;TO;2022;7048;Estimativa (Spline);87;75;86.20689655172413;2022
170720;1707207;Dois Irmãos do Tocantins;TO;2022;7097;Estimativa (Spline);82;64;78.04878048780488;2022
170730;1707306;Dueré;TO;2022;4654;Estimativa (Spline);58;46;79.3103448275862;2022
170740;1707405;Esperantina;TO;2022;11044;Estimativa (Spline);118;81;68.64406779661016;2022
170755;1707553;Fátima;TO;2022;3793;Estimativa (Spline);53;36;67.9245283018868;2022
170765;1707652;Figueirópolis;TO;2022;5218;Estimativa (Spline);58;23;39.6551724137931;2022
170770;1707702;Filadélfia;TO;2022;8812;Estimativa (Spline);102;61;59.80392156862745;2022
170820;1708205;Formoso do Araguaia;TO;2022;18433;Estimativa (Spline);278;182;65.46762589928058;2022
170825;1708254;Tabocão;TO;2022;2721;Estimativa (Spline);55;41;74.54545454545455;2022
170830;1708304;Goianorte;TO;2022;5115;Estimativa (Spline);49;33;67.3469387755102;2022
170900;1709005;Goiatins;TO;2022;13195;Estimativa (Spline);235;140;59.57446808510638;2022
170930;1709302;Guaraí;TO;2022;26520;Estimativa (Spline);330;232;70.3030303030303;2022
170950;1709500;Gurupi;TO;2022;89205;Estimativa (Spline);1244;945;75.96463022508038;2022
170980;1709807;Ipueiras;TO;2022;2073;Estimativa (Spline);9;5;55.55555555555556;2022
171050;1710508;Itacajá;TO;2022;7442;Estimativa (Spline);119;74;62.18487394957983;2022
171070;1710706;Itaguatins;TO;2022;5728;Estimativa (Spline);64;38;59.375;2022
171090;1710904;Itapiratins;TO;2022;3818;Estimativa (Spline);49;41;83.6734693877551;2022
171110;1711100;Itaporã do Tocantins;TO;2022;2411;Estimativa (Spline);46;38;82.6086956521739;2022
171150;1711506;Jaú do Tocantins;TO;2022;3882;Estimativa (Spline);34;27;79.41176470588235;2022
171180;1711803;Juarina;TO;2022;2178;Estimativa (Spline);35;32;91.42857142857143;2022
171190;1711902;Lagoa da Confusão;TO;2022;14429;Estimativa (Spline);260;186;71.53846153846153;2022
171195;1711951;Lagoa do Tocantins;TO;2022;4450;Estimativa (Spline);75;53;70.66666666666667;2022
171200;1712009;Lajeado;TO;2022;3252;Estimativa (Spline);43;30;69.76744186046511;2022
171215;1712157;Lavandeira;TO;2022;1977;Estimativa (Spline);23;13;56.52173913043478;2022
171240;1712405;Lizarda;TO;2022;3658;Estimativa (Spline);44;27;61.36363636363637;2022
171245;1712454;Luzinópolis;TO;2022;3199;Estimativa (Spline);36;27;75.0;2022
171250;1712504;Marianópolis do Tocantins;TO;2022;5340;Estimativa (Spline);77;63;81.81818181818183;2022
171270;1712702;Mateiros;TO;2022;2816;Estimativa (Spline);49;35;71.42857142857143;2022
171280;1712801;Maurilândia do Tocantins;TO;2022;3460;Estimativa (Spline);35;27;77.14285714285715;2022
171320;1713205;Miracema do Tocantins;TO;2022;17518;Estimativa (Spline);270;178;65.92592592592592;2022
171330;1713304;Miranorte;TO;2022;13553;Estimativa (Spline);190;143;75.26315789473685;2022
171360;1713601;Monte do Carmo;TO;2022;8046;Estimativa (Spline);69;49;71.01449275362319;2022
171370;1713700;Monte Santo do Tocantins;TO;2022;2340;Estimativa (Spline);20;15;75.0;2022
171380;1713809;Palmeiras do Tocantins;TO;2022;6719;Estimativa (Spline);71;58;81.69014084507043;2022
171395;1713957;Muricilândia;TO;2022;3638;Estimativa (Spline);35;30;85.71428571428571;2022
171420;1714203;Natividade;TO;2022;9237;Estimativa (Spline);110;80;72.72727272727273;2022
171430;1714302;Nazaré;TO;2022;3810;Estimativa (Spline);61;55;90.1639344262295;2022
171488;1714880;Nova Olinda;TO;2022;11962;Estimativa (Spline);165;134;81.21212121212122;2022
171500;1715002;Nova Rosalândia;TO;2022;4296;Estimativa (Spline);35;29;82.85714285714286;2022
171510;1715101;Novo Acordo;TO;2022;4457;Estimativa (Spline);83;43;51.80722891566265;2022
171515;1715150;Novo Alegre;TO;2022;2288;Estimativa (Spline);11;8;72.72727272727273;2022
171525;1715259;Novo Jardim;TO;2022;2740;Estimativa (Spline);32;16;50.0;2022
171550;1715507;Oliveira de Fátima;TO;2022;1136;Estimativa (Spline);21;19;90.47619047619048;2022
171570;1715705;Palmeirante;TO;2022;6190;Estimativa (Spline);62;35;56.451612903225815;2022
171575;1715754;Palmeirópolis;TO;2022;7659;Estimativa (Spline);84;71;84.52380952380952;2022
171610;1716109;Paraíso do Tocantins;TO;2022;53236;Estimativa (Spline);760;593;78.02631578947368;2022
171620;1716208;Paranã;TO;2022;10462;Estimativa (Spline);141;99;70.2127659574468;2022
171630;1716307;Pau D'Arco;TO;2022;4827;Estimativa (Spline);50;40;80.0;2022
171650;1716505;Pedro Afonso;TO;2022;14176;Estimativa (Spline);222;146;65.76576576576578;2022
171660;1716604;Peixe;TO;2022;11859;Estimativa (Spline);123;96;78.04878048780488;2022
171665;1716653;Pequizeiro;TO;2022;5526;Estimativa (Spline);64;53;82.8125;2022
171670;1716703;Colméia;TO;2022;8134;Estimativa (Spline);106;83;78.30188679245283;2022
171700;1717008;Pindorama do Tocantins;TO;2022;4421;Estimativa (Spline);62;42;67.74193548387096;2022
171720;1717206;Piraquê;TO;2022;2973;Estimativa (Spline);33;30;90.9090909090909;2022
171750;1717503;Pium;TO;2022;7854;Estimativa (Spline);95;69;72.63157894736842;2022
171780;1717800;Ponte Alta do Bom Jesus;TO;2022;4558;Estimativa (Spline);41;34;82.92682926829268;2022
171790;1717909;Ponte Alta do Tocantins;TO;2022;8218;Estimativa (Spline);104;76;73.07692307692307;2022
171800;1718006;Porto Alegre do Tocantins;TO;2022;3200;Estimativa (Spline);37;25;67.56756756756756;2022
171820;1718204;Porto Nacional;TO;2022;55208;Estimativa (Spline);1025;729;71.1219512195122;2022
171830;1718303;Praia Norte;TO;2022;8694;Estimativa (Spline);91;64;70.32967032967034;2022
171840;1718402;Presidente Kennedy;TO;2022;3608;Estimativa (Spline);33;29;87.87878787878788;2022
171845;1718451;Pugmil;TO;2022;2721;Estimativa (Spline);29;23;79.3103448275862;2022
171850;1718501;Recursolândia;TO;2022;4341;Estimativa (Spline);66;51;77.27272727272727;2022
171855;1718550;Riachinho;TO;2022;4691;Estimativa (Spline);59;42;71.1864406779661;2022
171865;1718659;Rio da Conceição;TO;2022;2205;Estimativa (Spline);24;17;70.83333333333334;2022
171870;1718709;Rio dos Bois;TO;2022;2893;Estimativa (Spline);32;29;90.625;2022
171875;1718758;Rio Sono;TO;2022;6354;Estimativa (Spline);63;47;74.60317460317461;2022
171880;1718808;Sampaio;TO;2022;4891;Estimativa (Spline);82;62;75.60975609756098;2022
171884;1718840;Sandolândia;TO;2022;3416;Estimativa (Spline);63;40;63.49206349206349;2022
171886;1718865;Santa Fé do Araguaia;TO;2022;7725;Estimativa (Spline);121;93;76.85950413223141;2022
171888;1718881;Santa Maria do Tocantins;TO;2022;3501;Estimativa (Spline);47;32;68.08510638297872;2022
171889;1718899;Santa Rita do Tocantins;TO;2022;2412;Estimativa (Spline);27;23;85.18518518518519;2022
171890;1718907;Santa Rosa do Tocantins;TO;2022;4873;Estimativa (Spline);73;58;79.45205479452055;2022
171900;1719004;Santa Tereza do Tocantins;TO;2022;2948;Estimativa (Spline);50;45;90.0;2022
172000;1720002;Santa Terezinha do Tocantins;TO;2022;2524;Estimativa (Spline);35;33;94.28571428571428;2022
172010;1720101;São Bento do Tocantins;TO;2022;5550;Estimativa (Spline);102;80;78.43137254901961;2022
172015;1720150;São Félix do Tocantins;TO;2022;1642;Estimativa (Spline);18;9;50.0;2022
172020;1720200;São Miguel do Tocantins;TO;2022;12696;Estimativa (Spline);145;93;64.13793103448275;2022
172025;1720259;São Salvador do Tocantins;TO;2022;3051;Estimativa (Spline);38;28;73.68421052631578;2022
172030;1720309;São Sebastião do Tocantins;TO;2022;4869;Estimativa (Spline);62;52;83.87096774193549;2022
172049;1720499;São Valério;TO;2022;3872;Estimativa (Spline);53;43;81.13207547169812;2022
172065;1720655;Silvanópolis;TO;2022;5453;Estimativa (Spline);76;52;68.42105263157895;2022
172080;1720804;Sítio Novo do Tocantins;TO;2022;9156;Estimativa (Spline);127;101;79.52755905511812;2022
172085;1720853;Sucupira;TO;2022;1986;Estimativa (Spline);14;13;92.85714285714286;2022
172090;1720903;Taguatinga;TO;2022;16830;Estimativa (Spline);175;123;70.28571428571428;2022
172093;1720937;Taipas do Tocantins;TO;2022;2186;Estimativa (Spline);28;20;71.42857142857143;2022
172097;1720978;Talismã;TO;2022;2817;Estimativa (Spline);28;19;67.85714285714286;2022
172100;1721000;Palmas;TO;2022;319480;Estimativa (Spline);4762;3661;76.87946241075178;2022
172110;1721109;Tocantínia;TO;2022;7748;Estimativa (Spline);170;65;38.23529411764706;2022
172120;1721208;Tocantinópolis;TO;2022;22846;Estimativa (Spline);331;257;77.64350453172206;2022
172125;1721257;Tupirama;TO;2022;1978;Estimativa (Spline);24;17;70.83333333333334;2022
172130;1721307;Tupiratins;TO;2022;2745;Estimativa (Spline);23;16;69.56521739130434;2022
172208;1722081;Wanderlândia;TO;2022;11729;Estimativa (Spline);120;87;72.5;2022
172210;1722107;Xambioá;TO;2022;11416;Estimativa (Spline);156;107;68.58974358974359;2022
