cod_mun_ibge_6;cod_mun_ibge_7;municipio;UF;ano;populacao;tipo;n_internacoes;DOENCAS_CRONICAS;ANO;MES
170025;1700251;Abreulândia;TO;2022;2626;Estimativa (Spline);1;3.808073115003808;2022;0
170030;1700301;Aguiarnópolis;TO;2022;6938;Estimativa (Spline);4;5.765350245027386;2022;0
170035;1700350;Aliança do Tocantins;TO;2022;5267;Estimativa (Spline);3;5.69584203531422;2022;0
170040;1700400;Almas;TO;2022;6823;Estimativa (Spline);9;13.19067858713176;2022;0
170070;1700707;Alvorada;TO;2022;8439;Estimativa (Spline);14;16.589643322668564;2022;0
170100;1701002;Ananás;TO;2022;9508;Estimativa (Spline);34;35.7593605384939;2022;0
170105;1701051;Angico;TO;2022;3440;Estimativa (Spline);0;0.0;2022;0
170110;1701101;Aparecida do Rio Negro;TO;2022;4956;Estimativa (Spline);3;6.053268765133172;2022;0
170130;1701309;Aragominas;TO;2022;5658;Estimativa (Spline);6;10.604453870625663;2022;0
170190;1701903;Araguacema;TO;2022;7168;Estimativa (Spline);42;58.59375;2022;0
170200;1702000;Araguaçu;TO;2022;8373;Estimativa (Spline);50;59.715753015645525;2022;0
170210;1702109;Araguaína;TO;2022;187955;Estimativa (Spline);212;11.27929557606874;2022;0
170215;1702158;Araguanã;TO;2022;5767;Estimativa (Spline);13;22.542049592509102;2022;0
170220;1702208;Araguatins;TO;2022;36575;Estimativa (Spline);40;10.936431989063568;2022;0
170230;1702307;Arapoema;TO;2022;6481;Estimativa (Spline);25;38.57429409041815;2022;0
170240;1702406;Arraias;TO;2022;10485;Estimativa (Spline);40;38.14973772055317;2022;0
170255;1702554;Augustinópolis;TO;2022;18974;Estimativa (Spline);22;11.594813955939708;2022;0
170270;1702703;Aurora do Tocantins;TO;2022;3794;Estimativa (Spline);3;7.907221929362151;2022;0
170290;1702901;Axixá do Tocantins;TO;2022;9919;Estimativa (Spline);11;11.089827603589072;2022;0
170300;1703008;Babaçulândia;TO;2022;10413;Estimativa (Spline);9;8.64304235090752;2022;0
170305;1703057;Bandeirantes do Tocantins;TO;2022;3652;Estimativa (Spline);8;21.90580503833516;2022;0
170307;1703073;Barra do Ouro;TO;2022;4702;Estimativa (Spline);3;6.380263717566993;2022;0
170310;1703107;Barrolândia;TO;2022;5615;Estimativa (Spline);8;14.247551202137133;2022;0
170320;1703206;Bernardo Sayão;TO;2022;4424;Estimativa (Spline);11;24.864376130198917;2022;0
170330;1703305;Bom Jesus do Tocantins;TO;2022;5117;Estimativa (Spline);10;19.542700801250735;2022;0
170360;1703602;Brasilândia do Tocantins;TO;2022;2210;Estimativa (Spline);1;4.524886877828054;2022;0
170370;1703701;Brejinho de Nazaré;TO;2022;5489;Estimativa (Spline);6;10.93095281472035;2022;0
170380;1703800;Buriti do Tocantins;TO;2022;11665;Estimativa (Spline);4;3.429061294470639;2022;0
170382;1703826;Cachoeirinha;TO;2022;2273;Estimativa (Spline);0;0.0;2022;0
170384;1703842;Campos Lindos;TO;2022;10508;Estimativa (Spline);8;7.613247049866769;2022;0
170386;1703867;Cariri do Tocantins;TO;2022;4511;Estimativa (Spline);3;6.650410108623365;2022;0
170388;1703883;Carmolândia;TO;2022;2612;Estimativa (Spline);6;22.97090352220521;2022;0
170389;1703891;Carrasco Bonito;TO;2022;4119;Estimativa (Spline);2;4.855547462976451;2022;0
170390;1703909;Caseara;TO;2022;5522;Estimativa (Spline);0;0.0;2022;0
170410;1704105;Centenário;TO;2022;2913;Estimativa (Spline);1;3.4328870580157913;2022;0
170460;1704600;Chapada de Areia;TO;2022;1433;Estimativa (Spline);1;6.978367062107466;2022;0
170510;1705102;Chapada da Natividade;TO;2022;3318;Estimativa (Spline);2;6.027727546714888;2022;0
170550;1705508;Colinas do Tocantins;TO;2022;36560;Estimativa (Spline);52;14.22319474835886;2022;0
170555;1705557;Combinado;TO;2022;4881;Estimativa (Spline);6;12.292562999385371;2022;0
170560;1705607;Conceição do Tocantins;TO;2022;4049;Estimativa (Spline);3;7.409236848604594;2022;0
170600;1706001;Couto Magalhães;TO;2022;5713;Estimativa (Spline);5;8.75196919306844;2022;0
170610;1706100;Cristalândia;TO;2022;7189;Estimativa (Spline);4;5.564056196967589;2022;0
170625;1706258;Crixás do Tocantins;TO;2022;1738;Estimativa (Spline);2;11.507479861910241;2022;0
170650;1706506;Darcinópolis;TO;2022;6289;Estimativa (Spline);15;23.85116870726666;2022;0
170700;1707009;Dianópolis;TO;2022;22493;Estimativa (Spline);21;9.33623794069266;2022;0
170710;1707108;Divinópolis do Tocantins;TO;2022;7048;Estimativa (Spline);26;36.88989784335982;2022;0
170720;1707207;Dois Irmãos do Tocantins;TO;2022;7097;Estimativa (Spline);0;0.0;2022;0
170730;1707306;Dueré;TO;2022;4654;Estimativa (Spline);2;4.297378599054577;2022;0
170740;1707405;Esperantina;TO;2022;11044;Estimativa (Spline);7;6.338283230713509;2022;0
170755;1707553;Fátima;TO;2022;3793;Estimativa (Spline);7;18.455048774057474;2022;0
170765;1707652;Figueirópolis;TO;2022;5218;Estimativa (Spline);0;0.0;2022;0
170770;1707702;Filadélfia;TO;2022;8812;Estimativa (Spline);8;9.078529278256923;2022;0
170820;1708205;Formoso do Araguaia;TO;2022;18433;Estimativa (Spline);72;39.06038083871318;2022;0
170825;1708254;Tabocão;TO;2022;2721;Estimativa (Spline);1;3.6751194413818453;2022;0
170830;1708304;Goianorte;TO;2022;5115;Estimativa (Spline);7;13.685239491691105;2022;0
170900;1709005;Goiatins;TO;2022;13195;Estimativa (Spline);7;5.305039787798408;2022;0
170930;1709302;Guaraí;TO;2022;26520;Estimativa (Spline);27;10.180995475113123;2022;0
170950;1709500;Gurupi;TO;2022;89205;Estimativa (Spline);76;8.519701810436635;2022;0
170980;1709807;Ipueiras;TO;2022;2073;Estimativa (Spline);0;0.0;2022;0
171050;1710508;Itacajá;TO;2022;7442;Estimativa (Spline);10;13.437248051599033;2022;0
171070;1710706;Itaguatins;TO;2022;5728;Estimativa (Spline);4;6.983240223463687;2022;0
171090;1710904;Itapiratins;TO;2022;3818;Estimativa (Spline);1;2.6191723415400734;2022;0
171110;1711100;Itaporã do Tocantins;TO;2022;2411;Estimativa (Spline);2;8.295313148071338;2022;0
171150;1711506;Jaú do Tocantins;TO;2022;3882;Estimativa (Spline);0;0.0;2022;0
171180;1711803;Juarina;TO;2022;2178;Estimativa (Spline);0;0.0;2022;0
171190;1711902;Lagoa da Confusão;TO;2022;14429;Estimativa (Spline);11;7.623535934576201;2022;0
171195;1711951;Lagoa do Tocantins;TO;2022;4450;Estimativa (Spline);2;4.49438202247191;2022;0
171200;1712009;Lajeado;TO;2022;3252;Estimativa (Spline);7;21.52521525215252;2022;0
171215;1712157;Lavandeira;TO;2022;1977;Estimativa (Spline);11;55.639858371269604;2022;0
171240;1712405;Lizarda;TO;2022;3658;Estimativa (Spline);2;5.4674685620557675;2022;0
171245;1712454;Luzinópolis;TO;2022;3199;Estimativa (Spline);3;9.377930603313535;2022;0
171250;1712504;Marianópolis do Tocantins;TO;2022;5340;Estimativa (Spline);6;11.235955056179776;2022;0
171270;1712702;Mateiros;TO;2022;2816;Estimativa (Spline);3;10.65340909090909;2022;0
171280;1712801;Maurilândia do Tocantins;TO;2022;3460;Estimativa (Spline);2;5.780346820809249;2022;0
171320;1713205;Miracema do Tocantins;TO;2022;17518;Estimativa (Spline);18;10.275145564562164;2022;0
171330;1713304;Miranorte;TO;2022;13553;Estimativa (Spline);11;8.116284217516418;2022;0
171360;1713601;Monte do Carmo;TO;2022;8046;Estimativa (Spline);13;16.157096694009446;2022;0
171370;1713700;Monte Santo do Tocantins;TO;2022;2340;Estimativa (Spline);1;4.273504273504273;2022;0
171380;1713809;Palmeiras do Tocantins;TO;2022;6719;Estimativa (Spline);2;2.976633427593392;2022;0
171395;1713957;Muricilândia;TO;2022;3638;Estimativa (Spline);2;5.497526113249038;2022;0
171420;1714203;Natividade;TO;2022;9237;Estimativa (Spline);13;14.07383349572372;2022;0
171430;1714302;Nazaré;TO;2022;3810;Estimativa (Spline);1;2.6246719160104988;2022;0
171488;1714880;Nova Olinda;TO;2022;11962;Estimativa (Spline);11;9.19578665774954;2022;0
171500;1715002;Nova Rosalândia;TO;2022;4296;Estimativa (Spline);3;6.983240223463687;2022;0
171510;1715101;Novo Acordo;TO;2022;4457;Estimativa (Spline);1;2.243661655822302;2022;0
171515;1715150;Novo Alegre;TO;2022;2288;Estimativa (Spline);1;4.370629370629371;2022;0
171525;1715259;Novo Jardim;TO;2022;2740;Estimativa (Spline);6;21.897810218978105;2022;0
171550;1715507;Oliveira de Fátima;TO;2022;1136;Estimativa (Spline);1;8.80281690140845;2022;0
171570;1715705;Palmeirante;TO;2022;6190;Estimativa (Spline);4;6.462035541195477;2022;0
171575;1715754;Palmeirópolis;TO;2022;7659;Estimativa (Spline);8;10.445227836532185;2022;0
171610;1716109;Paraíso do Tocantins;TO;2022;53236;Estimativa (Spline);53;9.955669096100383;2022;0
171620;1716208;Paranã;TO;2022;10462;Estimativa (Spline);23;21.984324220990253;2022;0
171630;1716307;Pau D'Arco;TO;2022;4827;Estimativa (Spline);6;12.43008079552517;2022;0
171650;1716505;Pedro Afonso;TO;2022;14176;Estimativa (Spline);62;43.73589164785553;2022;0
171660;1716604;Peixe;TO;2022;11859;Estimativa (Spline);8;6.74593136014841;2022;0
171665;1716653;Pequizeiro;TO;2022;5526;Estimativa (Spline);5;9.048136083966703;2022;0
171670;1716703;Colméia;TO;2022;8134;Estimativa (Spline);14;17.21170395869191;2022;0
171700;1717008;Pindorama do Tocantins;TO;2022;4421;Estimativa (Spline);11;24.881248586292692;2022;0
171720;1717206;Piraquê;TO;2022;2973;Estimativa (Spline);9;30.272452068617557;2022;0
171750;1717503;Pium;TO;2022;7854;Estimativa (Spline);78;99.31245225362872;2022;0
171780;1717800;Ponte Alta do Bom Jesus;TO;2022;4558;Estimativa (Spline);4;8.775778850372971;2022;0
171790;1717909;Ponte Alta do Tocantins;TO;2022;8218;Estimativa (Spline);12;14.602092966658553;2022;0
171800;1718006;Porto Alegre do Tocantins;TO;2022;3200;Estimativa (Spline);7;21.875000000000004;2022;0
171820;1718204;Porto Nacional;TO;2022;55208;Estimativa (Spline);112;20.286914939863788;2022;0
171830;1718303;Praia Norte;TO;2022;8694;Estimativa (Spline);6;6.901311249137336;2022;0
171840;1718402;Presidente Kennedy;TO;2022;3608;Estimativa (Spline);10;27.71618625277162;2022;0
171845;1718451;Pugmil;TO;2022;2721;Estimativa (Spline);2;7.350238882763691;2022;0
171850;1718501;Recursolândia;TO;2022;4341;Estimativa (Spline);9;20.73255010366275;2022;0
171855;1718550;Riachinho;TO;2022;4691;Estimativa (Spline);11;23.449157962055;2022;0
171865;1718659;Rio da Conceição;TO;2022;2205;Estimativa (Spline);2;9.070294784580499;2022;0
171870;1718709;Rio dos Bois;TO;2022;2893;Estimativa (Spline);4;13.8264777048047;2022;0
171875;1718758;Rio Sono;TO;2022;6354;Estimativa (Spline);4;6.295247088448222;2022;0
171880;1718808;Sampaio;TO;2022;4891;Estimativa (Spline);6;12.267429973420569;2022;0
171884;1718840;Sandolândia;TO;2022;3416;Estimativa (Spline);12;35.1288056206089;2022;0
171886;1718865;Santa Fé do Araguaia;TO;2022;7725;Estimativa (Spline);6;7.766990291262136;2022;0
171888;1718881;Santa Maria do Tocantins;TO;2022;3501;Estimativa (Spline);9;25.706940874035986;2022;0
171889;1718899;Santa Rita do Tocantins;TO;2022;2412;Estimativa (Spline);0;0.0;2022;0
171890;1718907;Santa Rosa do Tocantins;TO;2022;4873;Estimativa (Spline);2;4.104247896572953;2022;0
171900;1719004;Santa Tereza do Tocantins;TO;2022;2948;Estimativa (Spline);0;0.0;2022;0
172000;1720002;Santa Terezinha do Tocantins;TO;2022;2524;Estimativa (Spline);4;15.847860538827259;2022;0
172010;1720101;São Bento do Tocantins;TO;2022;5550;Estimativa (Spline);10;18.01801801801802;2022;0
172015;1720150;São Félix do Tocantins;TO;2022;1642;Estimativa (Spline);1;6.090133982947624;2022;0
172020;1720200;São Miguel do Tocantins;TO;2022;12696;Estimativa (Spline);2;1.575299306868305;2022;0
172025;1720259;São Salvador do Tocantins;TO;2022;3051;Estimativa (Spline);2;6.555227794165847;2022;0
172030;1720309;São Sebastião do Tocantins;TO;2022;4869;Estimativa (Spline);4;8.215239268843705;2022;0
172049;1720499;São Valério;TO;2022;3872;Estimativa (Spline);3;7.747933884297521;2022;0
172065;1720655;Silvanópolis;TO;2022;5453;Estimativa (Spline);7;12.836970474967906;2022;0
172080;1720804;Sítio Novo do Tocantins;TO;2022;9156;Estimativa (Spline);2;2.18435998252512;2022;0
172085;1720853;Sucupira;TO;2022;1986;Estimativa (Spline);2;10.070493454179255;2022;0
172090;1720903;Taguatinga;TO;2022;16830;Estimativa (Spline);18;10.695187165775401;2022;0
172093;1720937;Taipas do Tocantins;TO;2022;2186;Estimativa (Spline);2;9.149130832570906;2022;0
172097;1720978;Talismã;TO;2022;2817;Estimativa (Spline);3;10.649627263045794;2022;0
172100;1721000;Palmas;TO;2022;319480;Estimativa (Spline);143;4.476023538249655;2022;0
172110;1721109;Tocantínia;TO;2022;7748;Estimativa (Spline);18;23.231801755291688;2022;0
172120;1721208;Tocantinópolis;TO;2022;22846;Estimativa (Spline);46;20.1348157226648;2022;0
172125;1721257;Tupirama;TO;2022;1978;Estimativa (Spline);9;45.5005055611729;2022;0
172130;1721307;Tupiratins;TO;2022;2745;Estimativa (Spline);5;18.214936247723134;2022;0
172208;1722081;Wanderlândia;TO;2022;11729;Estimativa (Spline);13;11.08363884389121;2022;0
172210;1722107;Xambioá;TO;2022;11416;Estimativa (Spline);79;69.20112123335669;2022;0
