cod_mun_ibge_6;cod_mun_ibge_7;municipio;UF;ano;populacao;tipo;total_nascimentos;partos_cesareos;PROP_CESAREOS;ANO
170025;1700251;Abreulândia;TO;2021;2609;Original;30;10;33.33333333333333;2021
170030;1700301;Aguiarnópolis;TO;2021;7049;Original;91;51;56.043956043956044;2021
170035;1700350;Aliança do Tocantins;TO;2021;5303;Original;67;44;65.67164179104478;2021
170040;1700400;Almas;TO;2021;6905;Original;123;50;40.65040650406504;2021
170070;1700707;Alvorada;TO;2021;8381;Original;133;97;72.93233082706767;2021
170100;1701002;Ananás;TO;2021;9435;Original;156;74;47.43589743589743;2021
170105;1701051;Angico;TO;2021;3475;Original;33;18;54.54545454545454;2021
170110;1701101;Aparecida do Rio Negro;TO;2021;4901;Original;72;36;50.0;2021
170130;1701309;Aragominas;TO;2021;5705;Original;64;35;54.6875;2021
170190;1701903;Araguacema;TO;2021;7223;Original;93;51;54.83870967741935;2021
170200;1702000;Araguaçu;TO;2021;8418;Original;94;63;67.02127659574468;2021
170210;1702109;Araguaína;TO;2021;186245;Original;3050;1900;62.295081967213115;2021
170215;1702158;Araguanã;TO;2021;5856;Original;64;28;43.75;2021
170220;1702208;Araguatins;TO;2021;36573;Original;459;176;38.344226579520694;2021
170230;1702307;Arapoema;TO;2021;6590;Original;92;51;55.434782608695656;2021
170240;1702406;Arraias;TO;2021;10502;Original;137;59;43.06569343065693;2021
170255;1702554;Augustinópolis;TO;2021;18870;Original;300;135;45.0;2021
170270;1702703;Aurora do Tocantins;TO;2021;3809;Original;29;11;37.93103448275862;2021
170290;1702901;Axixá do Tocantins;TO;2021;9817;Original;198;94;47.474747474747474;2021
170300;1703008;Babaçulândia;TO;2021;10668;Original;92;46;50.0;2021
170305;1703057;Bandeirantes do Tocantins;TO;2021;3631;Original;57;27;47.368421052631575;2021
170307;1703073;Barra do Ouro;TO;2021;4673;Original;94;53;56.38297872340425;2021
170310;1703107;Barrolândia;TO;2021;5669;Original;61;36;59.01639344262295;2021
170320;1703206;Bernardo Sayão;TO;2021;4439;Original;51;32;62.745098039215684;2021
170330;1703305;Bom Jesus do Tocantins;TO;2021;5120;Original;73;40;54.794520547945204;2021
170360;1703602;Brasilândia do Tocantins;TO;2021;2221;Original;30;21;70.0;2021
170370;1703701;Brejinho de Nazaré;TO;2021;5540;Original;60;27;45.0;2021
170380;1703800;Buriti do Tocantins;TO;2021;11644;Original;146;67;45.89041095890411;2021
170382;1703826;Cachoeirinha;TO;2021;2293;Original;33;18;54.54545454545454;2021
170384;1703842;Campos Lindos;TO;2021;10505;Original;170;74;43.529411764705884;2021
170386;1703867;Cariri do Tocantins;TO;2021;4499;Original;54;35;64.81481481481481;2021
170388;1703883;Carmolândia;TO;2021;2627;Original;36;23;63.888888888888886;2021
170389;1703891;Carrasco Bonito;TO;2021;4165;Original;55;19;34.54545454545455;2021
170390;1703909;Caseara;TO;2021;5514;Original;85;44;51.76470588235295;2021
170410;1704105;Centenário;TO;2021;2966;Original;25;13;52.0;2021
170460;1704600;Chapada de Areia;TO;2021;1415;Original;13;7;53.84615384615385;2021
170510;1705102;Chapada da Natividade;TO;2021;3330;Original;50;28;56.00000000000001;2021
170550;1705508;Colinas do Tocantins;TO;2021;36271;Original;591;362;61.25211505922166;2021
170555;1705557;Combinado;TO;2021;4870;Original;54;31;57.407407407407405;2021
170560;1705607;Conceição do Tocantins;TO;2021;4070;Original;58;30;51.724137931034484;2021
170600;1706001;Couto Magalhães;TO;2021;5690;Original;79;53;67.08860759493672;2021
170610;1706100;Cristalândia;TO;2021;7268;Original;76;36;47.368421052631575;2021
170625;1706258;Crixás do Tocantins;TO;2021;1749;Original;17;13;76.47058823529412;2021
170650;1706506;Darcinópolis;TO;2021;6250;Original;111;58;52.25225225225225;2021
170700;1707009;Dianópolis;TO;2021;22704;Original;299;152;50.836120401337794;2021
170710;1707108;Divinópolis do Tocantins;TO;2021;6986;Original;105;49;46.666666666666664;2021
170720;1707207;Dois Irmãos do Tocantins;TO;2021;7173;Original;66;31;46.96969696969697;2021
170730;1707306;Dueré;TO;2021;4686;Original;57;31;54.385964912280706;2021
170740;1707405;Esperantina;TO;2021;11280;Original;139;52;37.410071942446045;2021
170755;1707553;Fátima;TO;2021;3824;Original;49;25;51.02040816326531;2021
170765;1707652;Figueirópolis;TO;2021;5222;Original;61;41;67.21311475409836;2021
170770;1707702;Filadélfia;TO;2021;8892;Original;94;47;50.0;2021
170820;1708205;Formoso do Araguaia;TO;2021;18358;Original;298;174;58.38926174496645;2021
170825;1708254;Tabocão;TO;2021;2615;Original;57;41;71.9298245614035;2021
170830;1708304;Goianorte;TO;2021;5136;Original;61;45;73.77049180327869;2021
170900;1709005;Goiatins;TO;2021;13169;Original;208;81;38.94230769230769;2021
170930;1709302;Guaraí;TO;2021;26403;Original;364;269;73.9010989010989;2021
170950;1709500;Gurupi;TO;2021;88428;Original;1263;948;75.05938242280284;2021
170980;1709807;Ipueiras;TO;2021;2088;Original;25;17;68.0;2021
171050;1710508;Itacajá;TO;2021;7471;Original;127;60;47.24409448818898;2021
171070;1710706;Itaguatins;TO;2021;5801;Original;66;30;45.45454545454545;2021
171090;1710904;Itapiratins;TO;2021;3814;Original;55;36;65.45454545454545;2021
171110;1711100;Itaporã do Tocantins;TO;2021;2412;Original;38;33;86.8421052631579;2021
171150;1711506;Jaú do Tocantins;TO;2021;3906;Original;29;20;68.96551724137932;2021
171180;1711803;Juarina;TO;2021;2174;Original;37;25;67.56756756756756;2021
171190;1711902;Lagoa da Confusão;TO;2021;13989;Original;289;162;56.05536332179931;2021
171195;1711951;Lagoa do Tocantins;TO;2021;4470;Original;63;25;39.682539682539684;2021
171200;1712009;Lajeado;TO;2021;3199;Original;58;32;55.172413793103445;2021
171215;1712157;Lavandeira;TO;2021;1984;Original;18;9;50.0;2021
171240;1712405;Lizarda;TO;2021;3727;Original;53;21;39.62264150943396;2021
171245;1712454;Luzinópolis;TO;2021;3200;Original;45;25;55.55555555555556;2021
171250;1712504;Marianópolis do Tocantins;TO;2021;5332;Original;65;30;46.15384615384615;2021
171270;1712702;Mateiros;TO;2021;2773;Original;40;20;50.0;2021
171280;1712801;Maurilândia do Tocantins;TO;2021;3470;Original;36;13;36.11111111111111;2021
171320;1713205;Miracema do Tocantins;TO;2021;17628;Original;295;175;59.32203389830508;2021
171330;1713304;Miranorte;TO;2021;13551;Original;175;88;50.28571428571429;2021
171360;1713601;Monte do Carmo;TO;2021;8182;Original;86;37;43.02325581395349;2021
171370;1713700;Monte Santo do Tocantins;TO;2021;2311;Original;28;16;57.14285714285714;2021
171380;1713809;Palmeiras do Tocantins;TO;2021;6830;Original;72;37;51.388888888888886;2021
171395;1713957;Muricilândia;TO;2021;3623;Original;55;25;45.45454545454545;2021
171420;1714203;Natividade;TO;2021;9256;Original;103;49;47.57281553398058;2021
171430;1714302;Nazaré;TO;2021;3772;Original;62;43;69.35483870967742;2021
171488;1714880;Nova Olinda;TO;2021;12014;Original;162;88;54.32098765432099;2021
171500;1715002;Nova Rosalândia;TO;2021;4348;Original;48;27;56.25;2021
171510;1715101;Novo Acordo;TO;2021;4450;Original;62;31;50.0;2021
171515;1715150;Novo Alegre;TO;2021;2332;Original;23;11;47.82608695652174;2021
171525;1715259;Novo Jardim;TO;2021;2768;Original;43;20;46.51162790697674;2021
171550;1715507;Oliveira de Fátima;TO;2021;1124;Original;16;4;25.0;2021
171570;1715705;Palmeirante;TO;2021;6234;Original;50;28;56.00000000000001;2021
171575;1715754;Palmeirópolis;TO;2021;7694;Original;85;53;62.35294117647059;2021
171610;1716109;Paraíso do Tocantins;TO;2021;52521;Original;795;434;54.59119496855346;2021
171620;1716208;Paranã;TO;2021;10426;Original;162;81;50.0;2021
171630;1716307;Pau D'Arco;TO;2021;4885;Original;66;33;50.0;2021
171650;1716505;Pedro Afonso;TO;2021;13964;Original;220;155;70.45454545454545;2021
171660;1716604;Peixe;TO;2021;11996;Original;130;69;53.07692307692308;2021
171665;1716653;Pequizeiro;TO;2021;5546;Original;68;52;76.47058823529412;2021
171670;1716703;Colméia;TO;2021;8078;Original;124;97;78.2258064516129;2021
171700;1717008;Pindorama do Tocantins;TO;2021;4414;Original;44;26;59.09090909090909;2021
171720;1717206;Piraquê;TO;2021;3038;Original;37;17;45.94594594594595;2021
171750;1717503;Pium;TO;2021;7830;Original;82;38;46.34146341463415;2021
171780;1717800;Ponte Alta do Bom Jesus;TO;2021;4586;Original;34;14;41.17647058823529;2021
171790;1717909;Ponte Alta do Tocantins;TO;2021;8192;Original;119;48;40.33613445378151;2021
171800;1718006;Porto Alegre do Tocantins;TO;2021;3200;Original;48;25;52.083333333333336;2021
171820;1718204;Porto Nacional;TO;2021;53618;Original;1115;647;58.02690582959641;2021
171830;1718303;Praia Norte;TO;2021;8563;Original;99;44;44.44444444444444;2021
171840;1718402;Presidente Kennedy;TO;2021;3668;Original;44;27;61.36363636363637;2021
171845;1718451;Pugmil;TO;2021;2746;Original;31;20;64.51612903225806;2021
171850;1718501;Recursolândia;TO;2021;4389;Original;60;31;51.66666666666667;2021
171855;1718550;Riachinho;TO;2021;4723;Original;66;40;60.60606060606061;2021
171865;1718659;Rio da Conceição;TO;2021;2211;Original;31;12;38.70967741935484;2021
171870;1718709;Rio dos Bois;TO;2021;2879;Original;40;21;52.5;2021
171875;1718758;Rio Sono;TO;2021;6498;Original;67;34;50.74626865671642;2021
171880;1718808;Sampaio;TO;2021;4876;Original;88;35;39.77272727272727;2021
171884;1718840;Sandolândia;TO;2021;3371;Original;44;34;77.27272727272727;2021
171886;1718865;Santa Fé do Araguaia;TO;2021;7678;Original;114;59;51.75438596491229;2021
171888;1718881;Santa Maria do Tocantins;TO;2021;3537;Original;39;27;69.23076923076923;2021
171889;1718899;Santa Rita do Tocantins;TO;2021;2407;Original;30;17;56.666666666666664;2021
171890;1718907;Santa Rosa do Tocantins;TO;2021;4864;Original;89;43;48.31460674157304;2021
171900;1719004;Santa Tereza do Tocantins;TO;2021;2928;Original;53;26;49.056603773584904;2021
172000;1720002;Santa Terezinha do Tocantins;TO;2021;2530;Original;28;18;64.28571428571429;2021
172010;1720101;São Bento do Tocantins;TO;2021;5457;Original;79;35;44.303797468354425;2021
172015;1720150;São Félix do Tocantins;TO;2021;1610;Original;21;10;47.61904761904761;2021
172020;1720200;São Miguel do Tocantins;TO;2021;12445;Original;155;70;45.16129032258064;2021
172025;1720259;São Salvador do Tocantins;TO;2021;3106;Original;26;15;57.692307692307686;2021
172030;1720309;São Sebastião do Tocantins;TO;2021;4898;Original;56;22;39.285714285714285;2021
172049;1720499;São Valério;TO;2021;3848;Original;40;23;57.49999999999999;2021
172065;1720655;Silvanópolis;TO;2021;5452;Original;63;32;50.79365079365079;2021
172080;1720804;Sítio Novo do Tocantins;TO;2021;8965;Original;135;64;47.40740740740741;2021
172085;1720853;Sucupira;TO;2021;2007;Original;19;13;68.42105263157895;2021
172090;1720903;Taguatinga;TO;2021;16966;Original;173;78;45.08670520231214;2021
172093;1720937;Taipas do Tocantins;TO;2021;2183;Original;33;16;48.484848484848484;2021
172097;1720978;Talismã;TO;2021;2831;Original;33;22;66.66666666666666;2021
172100;1721000;Palmas;TO;2021;313349;Original;4941;2694;54.52337583485124;2021
172110;1721109;Tocantínia;TO;2021;7688;Original;189;83;43.91534391534391;2021
172120;1721208;Tocantinópolis;TO;2021;22820;Original;445;194;43.59550561797752;2021
172125;1721257;Tupirama;TO;2021;1952;Original;34;22;64.70588235294117;2021
172130;1721307;Tupiratins;TO;2021;2785;Original;33;20;60.60606060606061;2021
172208;1722081;Wanderlândia;TO;2021;11783;Original;145;80;55.172413793103445;2021
172210;1722107;Xambioá;TO;2021;11500;Original;174;112;64.36781609195403;2021
170025;1700251;Abreulândia;TO;2022;2626;Estimativa (Spline);34;10;29.411764705882355;2022
170030;1700301;Aguiarnópolis;TO;2022;6938;Estimativa (Spline);77;41;53.246753246753244;2022
170035;1700350;Aliança do Tocantins;TO;2022;5267;Estimativa (Spline);57;42;73.68421052631578;2022
170040;1700400;Almas;TO;2022;6823;Estimativa (Spline);98;42;42.857142857142854;2022
170070;1700707;Alvorada;TO;2022;8439;Estimativa (Spline);120;89;74.16666666666667;2022
170100;1701002;Ananás;TO;2022;9508;Estimativa (Spline);135;73;54.074074074074076;2022
170105;1701051;Angico;TO;2022;3440;Estimativa (Spline);41;22;53.65853658536586;2022
170110;1701101;Aparecida do Rio Negro;TO;2022;4956;Estimativa (Spline);78;39;50.0;2022
170130;1701309;Aragominas;TO;2022;5658;Estimativa (Spline);69;42;60.86956521739131;2022
170190;1701903;Araguacema;TO;2022;7168;Estimativa (Spline);71;35;49.29577464788733;2022
170200;1702000;Araguaçu;TO;2022;8373;Estimativa (Spline);104;71;68.26923076923077;2022
170210;1702109;Araguaína;TO;2022;187955;Estimativa (Spline);2961;1928;65.11313745356298;2022
170215;1702158;Araguanã;TO;2022;5767;Estimativa (Spline);45;22;48.888888888888886;2022
170220;1702208;Araguatins;TO;2022;36575;Estimativa (Spline);473;193;40.803382663847785;2022
170230;1702307;Arapoema;TO;2022;6481;Estimativa (Spline);82;40;48.78048780487805;2022
170240;1702406;Arraias;TO;2022;10485;Estimativa (Spline);105;57;54.285714285714285;2022
170255;1702554;Augustinópolis;TO;2022;18974;Estimativa (Spline);293;149;50.85324232081911;2022
170270;1702703;Aurora do Tocantins;TO;2022;3794;Estimativa (Spline);24;12;50.0;2022
170290;1702901;Axixá do Tocantins;TO;2022;9919;Estimativa (Spline);164;75;45.73170731707317;2022
170300;1703008;Babaçulândia;TO;2022;10413;Estimativa (Spline);93;54;58.06451612903226;2022
170305;1703057;Bandeirantes do Tocantins;TO;2022;3652;Estimativa (Spline);50;33;66.0;2022
170307;1703073;Barra do Ouro;TO;2022;4702;Estimativa (Spline);68;27;39.705882352941174;2022
170310;1703107;Barrolândia;TO;2022;5615;Estimativa (Spline);61;27;44.26229508196721;2022
170320;1703206;Bernardo Sayão;TO;2022;4424;Estimativa (Spline);45;23;51.11111111111111;2022
170330;1703305;Bom Jesus do Tocantins;TO;2022;5117;Estimativa (Spline);85;61;71.76470588235294;2022
170360;1703602;Brasilândia do Tocantins;TO;2022;2210;Estimativa (Spline);28;15;53.57142857142857;2022
170370;1703701;Brejinho de Nazaré;TO;2022;5489;Estimativa (Spline);53;24;45.28301886792453;2022
170380;1703800;Buriti do Tocantins;TO;2022;11665;Estimativa (Spline);120;50;41.66666666666667;2022
170382;1703826;Cachoeirinha;TO;2022;2273;Estimativa (Spline);26;20;76.92307692307693;2022
170384;1703842;Campos Lindos;TO;2022;10508;Estimativa (Spline);160;86;53.75;2022
170386;1703867;Cariri do Tocantins;TO;2022;4511;Estimativa (Spline);59;39;66.10169491525424;2022
170388;1703883;Carmolândia;TO;2022;2612;Estimativa (Spline);27;14;51.85185185185185;2022
170389;1703891;Carrasco Bonito;TO;2022;4119;Estimativa (Spline);54;24;44.44444444444444;2022
170390;1703909;Caseara;TO;2022;5522;Estimativa (Spline);62;28;45.16129032258064;2022
170410;1704105;Centenário;TO;2022;2913;Estimativa (Spline);15;8;53.333333333333336;2022
170460;1704600;Chapada de Areia;TO;2022;1433;Estimativa (Spline);26;14;53.84615384615385;2022
170510;1705102;Chapada da Natividade;TO;2022;3318;Estimativa (Spline);43;24;55.81395348837209;2022
170550;1705508;Colinas do Tocantins;TO;2022;36560;Estimativa (Spline);511;358;70.0587084148728;2022
170555;1705557;Combinado;TO;2022;4881;Estimativa (Spline);57;40;70.17543859649122;2022
170560;1705607;Conceição do Tocantins;TO;2022;4049;Estimativa (Spline);52;25;48.07692307692308;2022
170600;1706001;Couto Magalhães;TO;2022;5713;Estimativa (Spline);65;38;58.46153846153847;2022
170610;1706100;Cristalândia;TO;2022;7189;Estimativa (Spline);73;32;43.83561643835616;2022
170625;1706258;Crixás do Tocantins;TO;2022;1738;Estimativa (Spline);16;10;62.5;2022
170650;1706506;Darcinópolis;TO;2022;6289;Estimativa (Spline);102;52;50.98039215686274;2022
170700;1707009;Dianópolis;TO;2022;22493;Estimativa (Spline);291;155;53.264604810996566;2022
170710;1707108;Divinópolis do Tocantins;TO;2022;7048;Estimativa (Spline);87;36;41.37931034482759;2022
170720;1707207;Dois Irmãos do Tocantins;TO;2022;7097;Estimativa (Spline);82;43;52.4390243902439;2022
170730;1707306;Dueré;TO;2022;4654;Estimativa (Spline);58;36;62.06896551724138;2022
170740;1707405;Esperantina;TO;2022;11044;Estimativa (Spline);118;38;32.20338983050847;2022
170755;1707553;Fátima;TO;2022;3793;Estimativa (Spline);53;22;41.509433962264154;2022
170765;1707652;Figueirópolis;TO;2022;5218;Estimativa (Spline);58;37;63.793103448275865;2022
170770;1707702;Filadélfia;TO;2022;8812;Estimativa (Spline);102;61;59.80392156862745;2022
170820;1708205;Formoso do Araguaia;TO;2022;18433;Estimativa (Spline);278;174;62.589928057553955;2022
170825;1708254;Tabocão;TO;2022;2721;Estimativa (Spline);55;45;81.81818181818183;2022
170830;1708304;Goianorte;TO;2022;5115;Estimativa (Spline);49;30;61.224489795918366;2022
170900;1709005;Goiatins;TO;2022;13195;Estimativa (Spline);235;100;42.5531914893617;2022
170930;1709302;Guaraí;TO;2022;26520;Estimativa (Spline);330;236;71.51515151515152;2022
170950;1709500;Gurupi;TO;2022;89205;Estimativa (Spline);1244;907;72.90996784565917;2022
170980;1709807;Ipueiras;TO;2022;2073;Estimativa (Spline);9;8;88.88888888888889;2022
171050;1710508;Itacajá;TO;2022;7442;Estimativa (Spline);119;45;37.81512605042017;2022
171070;1710706;Itaguatins;TO;2022;5728;Estimativa (Spline);64;29;45.3125;2022
171090;1710904;Itapiratins;TO;2022;3818;Estimativa (Spline);49;36;73.46938775510205;2022
171110;1711100;Itaporã do Tocantins;TO;2022;2411;Estimativa (Spline);46;35;76.08695652173914;2022
171150;1711506;Jaú do Tocantins;TO;2022;3882;Estimativa (Spline);34;20;58.82352941176471;2022
171180;1711803;Juarina;TO;2022;2178;Estimativa (Spline);35;24;68.57142857142857;2022
171190;1711902;Lagoa da Confusão;TO;2022;14429;Estimativa (Spline);260;130;50.0;2022
171195;1711951;Lagoa do Tocantins;TO;2022;4450;Estimativa (Spline);75;37;49.333333333333336;2022
171200;1712009;Lajeado;TO;2022;3252;Estimativa (Spline);43;24;55.81395348837209;2022
171215;1712157;Lavandeira;TO;2022;1977;Estimativa (Spline);23;14;60.86956521739131;2022
171240;1712405;Lizarda;TO;2022;3658;Estimativa (Spline);44;21;47.72727272727273;2022
171245;1712454;Luzinópolis;TO;2022;3199;Estimativa (Spline);36;21;58.333333333333336;2022
171250;1712504;Marianópolis do Tocantins;TO;2022;5340;Estimativa (Spline);77;40;51.94805194805194;2022
171270;1712702;Mateiros;TO;2022;2816;Estimativa (Spline);49;24;48.97959183673469;2022
171280;1712801;Maurilândia do Tocantins;TO;2022;3460;Estimativa (Spline);35;17;48.57142857142857;2022
171320;1713205;Miracema do Tocantins;TO;2022;17518;Estimativa (Spline);270;160;59.25925925925925;2022
171330;1713304;Miranorte;TO;2022;13553;Estimativa (Spline);190;121;63.68421052631579;2022
171360;1713601;Monte do Carmo;TO;2022;8046;Estimativa (Spline);69;31;44.927536231884055;2022
171370;1713700;Monte Santo do Tocantins;TO;2022;2340;Estimativa (Spline);20;11;55.00000000000001;2022
171380;1713809;Palmeiras do Tocantins;TO;2022;6719;Estimativa (Spline);71;35;49.29577464788733;2022
171395;1713957;Muricilândia;TO;2022;3638;Estimativa (Spline);35;19;54.285714285714285;2022
171420;1714203;Natividade;TO;2022;9237;Estimativa (Spline);110;47;42.72727272727273;2022
171430;1714302;Nazaré;TO;2022;3810;Estimativa (Spline);61;41;67.21311475409836;2022
171488;1714880;Nova Olinda;TO;2022;11962;Estimativa (Spline);165;96;58.18181818181818;2022
171500;1715002;Nova Rosalândia;TO;2022;4296;Estimativa (Spline);35;12;34.285714285714285;2022
171510;1715101;Novo Acordo;TO;2022;4457;Estimativa (Spline);83;37;44.57831325301205;2022
171515;1715150;Novo Alegre;TO;2022;2288;Estimativa (Spline);11;7;63.63636363636363;2022
171525;1715259;Novo Jardim;TO;2022;2740;Estimativa (Spline);32;18;56.25;2022
171550;1715507;Oliveira de Fátima;TO;2022;1136;Estimativa (Spline);21;15;71.42857142857143;2022
171570;1715705;Palmeirante;TO;2022;6190;Estimativa (Spline);62;36;58.06451612903226;2022
171575;1715754;Palmeirópolis;TO;2022;7659;Estimativa (Spline);84;54;64.28571428571429;2022
171610;1716109;Paraíso do Tocantins;TO;2022;53236;Estimativa (Spline);760;478;62.89473684210526;2022
171620;1716208;Paranã;TO;2022;10462;Estimativa (Spline);141;78;55.319148936170215;2022
171630;1716307;Pau D'Arco;TO;2022;4827;Estimativa (Spline);50;22;44.0;2022
171650;1716505;Pedro Afonso;TO;2022;14176;Estimativa (Spline);222;147;66.21621621621621;2022
171660;1716604;Peixe;TO;2022;11859;Estimativa (Spline);123;76;61.78861788617886;2022
171665;1716653;Pequizeiro;TO;2022;5526;Estimativa (Spline);64;46;71.875;2022
171670;1716703;Colméia;TO;2022;8134;Estimativa (Spline);106;71;66.98113207547169;2022
171700;1717008;Pindorama do Tocantins;TO;2022;4421;Estimativa (Spline);62;24;38.70967741935484;2022
171720;1717206;Piraquê;TO;2022;2973;Estimativa (Spline);33;21;63.63636363636363;2022
171750;1717503;Pium;TO;2022;7854;Estimativa (Spline);95;36;37.89473684210527;2022
171780;1717800;Ponte Alta do Bom Jesus;TO;2022;4558;Estimativa (Spline);41;23;56.09756097560976;2022
171790;1717909;Ponte Alta do Tocantins;TO;2022;8218;Estimativa (Spline);104;48;46.15384615384615;2022
171800;1718006;Porto Alegre do Tocantins;TO;2022;3200;Estimativa (Spline);37;23;62.16216216216216;2022
171820;1718204;Porto Nacional;TO;2022;55208;Estimativa (Spline);1025;603;58.829268292682926;2022
171830;1718303;Praia Norte;TO;2022;8694;Estimativa (Spline);91;42;46.15384615384615;2022
171840;1718402;Presidente Kennedy;TO;2022;3608;Estimativa (Spline);33;21;63.63636363636363;2022
171845;1718451;Pugmil;TO;2022;2721;Estimativa (Spline);29;14;48.275862068965516;2022
171850;1718501;Recursolândia;TO;2022;4341;Estimativa (Spline);66;31;46.96969696969697;2022
171855;1718550;Riachinho;TO;2022;4691;Estimativa (Spline);59;31;52.54237288135594;2022
171865;1718659;Rio da Conceição;TO;2022;2205;Estimativa (Spline);24;11;45.83333333333333;2022
171870;1718709;Rio dos Bois;TO;2022;2893;Estimativa (Spline);32;22;68.75;2022
171875;1718758;Rio Sono;TO;2022;6354;Estimativa (Spline);63;32;50.79365079365079;2022
171880;1718808;Sampaio;TO;2022;4891;Estimativa (Spline);82;35;42.68292682926829;2022
171884;1718840;Sandolândia;TO;2022;3416;Estimativa (Spline);63;39;61.904761904761905;2022
171886;1718865;Santa Fé do Araguaia;TO;2022;7725;Estimativa (Spline);121;64;52.892561983471076;2022
171888;1718881;Santa Maria do Tocantins;TO;2022;3501;Estimativa (Spline);47;28;59.57446808510638;2022
171889;1718899;Santa Rita do Tocantins;TO;2022;2412;Estimativa (Spline);27;21;77.77777777777779;2022
171890;1718907;Santa Rosa do Tocantins;TO;2022;4873;Estimativa (Spline);73;32;43.83561643835616;2022
171900;1719004;Santa Tereza do Tocantins;TO;2022;2948;Estimativa (Spline);50;23;46.0;2022
172000;1720002;Santa Terezinha do Tocantins;TO;2022;2524;Estimativa (Spline);35;16;45.714285714285715;2022
172010;1720101;São Bento do Tocantins;TO;2022;5550;Estimativa (Spline);102;50;49.01960784313725;2022
172015;1720150;São Félix do Tocantins;TO;2022;1642;Estimativa (Spline);18;10;55.55555555555556;2022
172020;1720200;São Miguel do Tocantins;TO;2022;12696;Estimativa (Spline);145;69;47.58620689655172;2022
172025;1720259;São Salvador do Tocantins;TO;2022;3051;Estimativa (Spline);38;20;52.63157894736842;2022
172030;1720309;São Sebastião do Tocantins;TO;2022;4869;Estimativa (Spline);62;19;30.64516129032258;2022
172049;1720499;São Valério;TO;2022;3872;Estimativa (Spline);53;35;66.0377358490566;2022
172065;1720655;Silvanópolis;TO;2022;5453;Estimativa (Spline);76;38;50.0;2022
172080;1720804;Sítio Novo do Tocantins;TO;2022;9156;Estimativa (Spline);127;59;46.45669291338583;2022
172085;1720853;Sucupira;TO;2022;1986;Estimativa (Spline);14;10;71.42857142857143;2022
172090;1720903;Taguatinga;TO;2022;16830;Estimativa (Spline);175;101;57.714285714285715;2022
172093;1720937;Taipas do Tocantins;TO;2022;2186;Estimativa (Spline);28;8;28.57142857142857;2022
172097;1720978;Talismã;TO;2022;2817;Estimativa (Spline);28;19;67.85714285714286;2022
172100;1721000;Palmas;TO;2022;319480;Estimativa (Spline);4762;2619;54.99790004199916;2022
172110;1721109;Tocantínia;TO;2022;7748;Estimativa (Spline);170;64;37.64705882352941;2022
172120;1721208;Tocantinópolis;TO;2022;22846;Estimativa (Spline);331;136;41.08761329305136;2022
172125;1721257;Tupirama;TO;2022;1978;Estimativa (Spline);24;16;66.66666666666666;2022
172130;1721307;Tupiratins;TO;2022;2745;Estimativa (Spline);23;10;43.47826086956522;2022
172208;1722081;Wanderlândia;TO;2022;11729;Estimativa (Spline);120;65;54.166666666666664;2022
172210;1722107;Xambioá;TO;2022;11416;Estimativa (Spline);156;89;57.05128205128205;2022
