cod_mun_ibge_6;cod_mun_ibge_7;municipio;UF;ano;populacao;tipo;total_nascimentos;maes_adolescentes;PROP_MAE_ADOL;ANO
170025;1700251;Abreulândia;TO;2021;2609;Original;30;11;36.666666666666664;2021
170030;1700301;Aguiarnópolis;TO;2021;7049;Original;91;28;30.76923076923077;2021
170035;1700350;Aliança do Tocantins;TO;2021;5303;Original;67;18;26.865671641791046;2021
170040;1700400;Almas;TO;2021;6905;Original;123;32;26.01626016260163;2021
170070;1700707;Alvorada;TO;2021;8381;Original;133;28;21.052631578947366;2021
170100;1701002;Ananás;TO;2021;9435;Original;156;31;19.871794871794872;2021
170105;1701051;Angico;TO;2021;3475;Original;33;6;18.181818181818183;2021
170110;1701101;Aparecida do Rio Negro;TO;2021;4901;Original;72;19;26.38888888888889;2021
170130;1701309;Aragominas;TO;2021;5705;Original;64;12;18.75;2021
170190;1701903;Araguacema;TO;2021;7223;Original;93;27;29.03225806451613;2021
170200;1702000;Araguaçu;TO;2021;8418;Original;94;25;26.595744680851062;2021
170210;1702109;Araguaína;TO;2021;186245;Original;3050;408;13.377049180327868;2021
170215;1702158;Araguanã;TO;2021;5856;Original;64;14;21.875;2021
170220;1702208;Araguatins;TO;2021;36573;Original;459;105;22.875816993464053;2021
170230;1702307;Arapoema;TO;2021;6590;Original;92;13;14.130434782608695;2021
170240;1702406;Arraias;TO;2021;10502;Original;137;32;23.357664233576642;2021
170255;1702554;Augustinópolis;TO;2021;18870;Original;300;72;24.0;2021
170270;1702703;Aurora do Tocantins;TO;2021;3809;Original;29;11;37.93103448275862;2021
170290;1702901;Axixá do Tocantins;TO;2021;9817;Original;198;48;24.242424242424242;2021
170300;1703008;Babaçulândia;TO;2021;10668;Original;92;16;17.391304347826086;2021
170305;1703057;Bandeirantes do Tocantins;TO;2021;3631;Original;57;14;24.561403508771928;2021
170307;1703073;Barra do Ouro;TO;2021;4673;Original;94;31;32.97872340425532;2021
170310;1703107;Barrolândia;TO;2021;5669;Original;61;16;26.229508196721312;2021
170320;1703206;Bernardo Sayão;TO;2021;4439;Original;51;8;15.686274509803921;2021
170330;1703305;Bom Jesus do Tocantins;TO;2021;5120;Original;73;25;34.24657534246575;2021
170360;1703602;Brasilândia do Tocantins;TO;2021;2221;Original;30;10;33.33333333333333;2021
170370;1703701;Brejinho de Nazaré;TO;2021;5540;Original;60;13;21.666666666666668;2021
170380;1703800;Buriti do Tocantins;TO;2021;11644;Original;146;35;23.972602739726025;2021
170382;1703826;Cachoeirinha;TO;2021;2293;Original;33;6;18.181818181818183;2021
170384;1703842;Campos Lindos;TO;2021;10505;Original;170;53;31.176470588235293;2021
170386;1703867;Cariri do Tocantins;TO;2021;4499;Original;54;10;18.51851851851852;2021
170388;1703883;Carmolândia;TO;2021;2627;Original;36;8;22.22222222222222;2021
170389;1703891;Carrasco Bonito;TO;2021;4165;Original;55;16;29.09090909090909;2021
170390;1703909;Caseara;TO;2021;5514;Original;85;29;34.11764705882353;2021
170410;1704105;Centenário;TO;2021;2966;Original;25;5;20.0;2021
170460;1704600;Chapada de Areia;TO;2021;1415;Original;13;0;0.0;2021
170510;1705102;Chapada da Natividade;TO;2021;3330;Original;50;7;14.000000000000002;2021
170550;1705508;Colinas do Tocantins;TO;2021;36271;Original;591;99;16.751269035532996;2021
170555;1705557;Combinado;TO;2021;4870;Original;54;9;16.666666666666664;2021
170560;1705607;Conceição do Tocantins;TO;2021;4070;Original;58;10;17.24137931034483;2021
170600;1706001;Couto Magalhães;TO;2021;5690;Original;79;23;29.11392405063291;2021
170610;1706100;Cristalândia;TO;2021;7268;Original;76;14;18.421052631578945;2021
170625;1706258;Crixás do Tocantins;TO;2021;1749;Original;17;1;5.88235294117647;2021
170650;1706506;Darcinópolis;TO;2021;6250;Original;111;35;31.53153153153153;2021
170700;1707009;Dianópolis;TO;2021;22704;Original;299;57;19.063545150501675;2021
170710;1707108;Divinópolis do Tocantins;TO;2021;6986;Original;105;25;23.809523809523807;2021
170720;1707207;Dois Irmãos do Tocantins;TO;2021;7173;Original;66;22;33.33333333333333;2021
170730;1707306;Dueré;TO;2021;4686;Original;57;18;31.57894736842105;2021
170740;1707405;Esperantina;TO;2021;11280;Original;139;34;24.46043165467626;2021
170755;1707553;Fátima;TO;2021;3824;Original;49;14;28.57142857142857;2021
170765;1707652;Figueirópolis;TO;2021;5222;Original;61;15;24.59016393442623;2021
170770;1707702;Filadélfia;TO;2021;8892;Original;94;22;23.404255319148938;2021
170820;1708205;Formoso do Araguaia;TO;2021;18358;Original;298;69;23.154362416107382;2021
170825;1708254;Tabocão;TO;2021;2615;Original;57;19;33.33333333333333;2021
170830;1708304;Goianorte;TO;2021;5136;Original;61;13;21.311475409836063;2021
170900;1709005;Goiatins;TO;2021;13169;Original;208;68;32.69230769230769;2021
170930;1709302;Guaraí;TO;2021;26403;Original;364;80;21.978021978021978;2021
170950;1709500;Gurupi;TO;2021;88428;Original;1263;180;14.251781472684085;2021
170980;1709807;Ipueiras;TO;2021;2088;Original;25;6;24.0;2021
171050;1710508;Itacajá;TO;2021;7471;Original;127;50;39.37007874015748;2021
171070;1710706;Itaguatins;TO;2021;5801;Original;66;11;16.666666666666664;2021
171090;1710904;Itapiratins;TO;2021;3814;Original;55;10;18.181818181818183;2021
171110;1711100;Itaporã do Tocantins;TO;2021;2412;Original;38;4;10.526315789473683;2021
171150;1711506;Jaú do Tocantins;TO;2021;3906;Original;29;5;17.24137931034483;2021
171180;1711803;Juarina;TO;2021;2174;Original;37;8;21.62162162162162;2021
171190;1711902;Lagoa da Confusão;TO;2021;13989;Original;289;77;26.643598615916954;2021
171195;1711951;Lagoa do Tocantins;TO;2021;4470;Original;63;15;23.809523809523807;2021
171200;1712009;Lajeado;TO;2021;3199;Original;58;12;20.689655172413794;2021
171215;1712157;Lavandeira;TO;2021;1984;Original;18;8;44.44444444444444;2021
171240;1712405;Lizarda;TO;2021;3727;Original;53;15;28.30188679245283;2021
171245;1712454;Luzinópolis;TO;2021;3200;Original;45;5;11.11111111111111;2021
171250;1712504;Marianópolis do Tocantins;TO;2021;5332;Original;65;18;27.692307692307693;2021
171270;1712702;Mateiros;TO;2021;2773;Original;40;11;27.500000000000004;2021
171280;1712801;Maurilândia do Tocantins;TO;2021;3470;Original;36;6;16.666666666666664;2021
171320;1713205;Miracema do Tocantins;TO;2021;17628;Original;295;55;18.64406779661017;2021
171330;1713304;Miranorte;TO;2021;13551;Original;175;24;13.714285714285715;2021
171360;1713601;Monte do Carmo;TO;2021;8182;Original;86;19;22.093023255813954;2021
171370;1713700;Monte Santo do Tocantins;TO;2021;2311;Original;28;5;17.857142857142858;2021
171380;1713809;Palmeiras do Tocantins;TO;2021;6830;Original;72;13;18.055555555555554;2021
171395;1713957;Muricilândia;TO;2021;3623;Original;55;13;23.636363636363637;2021
171420;1714203;Natividade;TO;2021;9256;Original;103;16;15.53398058252427;2021
171430;1714302;Nazaré;TO;2021;3772;Original;62;10;16.129032258064516;2021
171488;1714880;Nova Olinda;TO;2021;12014;Original;162;36;22.22222222222222;2021
171500;1715002;Nova Rosalândia;TO;2021;4348;Original;48;8;16.666666666666664;2021
171510;1715101;Novo Acordo;TO;2021;4450;Original;62;14;22.58064516129032;2021
171515;1715150;Novo Alegre;TO;2021;2332;Original;23;4;17.391304347826086;2021
171525;1715259;Novo Jardim;TO;2021;2768;Original;43;12;27.906976744186046;2021
171550;1715507;Oliveira de Fátima;TO;2021;1124;Original;16;4;25.0;2021
171570;1715705;Palmeirante;TO;2021;6234;Original;50;17;34.0;2021
171575;1715754;Palmeirópolis;TO;2021;7694;Original;85;21;24.705882352941178;2021
171610;1716109;Paraíso do Tocantins;TO;2021;52521;Original;795;131;16.47798742138365;2021
171620;1716208;Paranã;TO;2021;10426;Original;162;42;25.925925925925924;2021
171630;1716307;Pau D'Arco;TO;2021;4885;Original;66;14;21.21212121212121;2021
171650;1716505;Pedro Afonso;TO;2021;13964;Original;220;39;17.727272727272727;2021
171660;1716604;Peixe;TO;2021;11996;Original;130;33;25.384615384615383;2021
171665;1716653;Pequizeiro;TO;2021;5546;Original;68;10;14.705882352941178;2021
171670;1716703;Colméia;TO;2021;8078;Original;124;19;15.32258064516129;2021
171700;1717008;Pindorama do Tocantins;TO;2021;4414;Original;44;9;20.454545454545457;2021
171720;1717206;Piraquê;TO;2021;3038;Original;37;9;24.324324324324326;2021
171750;1717503;Pium;TO;2021;7830;Original;82;15;18.29268292682927;2021
171780;1717800;Ponte Alta do Bom Jesus;TO;2021;4586;Original;34;7;20.588235294117645;2021
171790;1717909;Ponte Alta do Tocantins;TO;2021;8192;Original;119;29;24.369747899159663;2021
171800;1718006;Porto Alegre do Tocantins;TO;2021;3200;Original;48;11;22.916666666666664;2021
171820;1718204;Porto Nacional;TO;2021;53618;Original;1115;168;15.067264573991032;2021
171830;1718303;Praia Norte;TO;2021;8563;Original;99;30;30.303030303030305;2021
171840;1718402;Presidente Kennedy;TO;2021;3668;Original;44;11;25.0;2021
171845;1718451;Pugmil;TO;2021;2746;Original;31;1;3.225806451612903;2021
171850;1718501;Recursolândia;TO;2021;4389;Original;60;23;38.333333333333336;2021
171855;1718550;Riachinho;TO;2021;4723;Original;66;13;19.696969696969695;2021
171865;1718659;Rio da Conceição;TO;2021;2211;Original;31;8;25.806451612903224;2021
171870;1718709;Rio dos Bois;TO;2021;2879;Original;40;10;25.0;2021
171875;1718758;Rio Sono;TO;2021;6498;Original;67;21;31.343283582089555;2021
171880;1718808;Sampaio;TO;2021;4876;Original;88;26;29.545454545454547;2021
171884;1718840;Sandolândia;TO;2021;3371;Original;44;6;13.636363636363635;2021
171886;1718865;Santa Fé do Araguaia;TO;2021;7678;Original;114;21;18.421052631578945;2021
171888;1718881;Santa Maria do Tocantins;TO;2021;3537;Original;39;11;28.205128205128204;2021
171889;1718899;Santa Rita do Tocantins;TO;2021;2407;Original;30;6;20.0;2021
171890;1718907;Santa Rosa do Tocantins;TO;2021;4864;Original;89;19;21.34831460674157;2021
171900;1719004;Santa Tereza do Tocantins;TO;2021;2928;Original;53;12;22.641509433962266;2021
172000;1720002;Santa Terezinha do Tocantins;TO;2021;2530;Original;28;5;17.857142857142858;2021
172010;1720101;São Bento do Tocantins;TO;2021;5457;Original;79;19;24.050632911392405;2021
172015;1720150;São Félix do Tocantins;TO;2021;1610;Original;21;4;19.047619047619047;2021
172020;1720200;São Miguel do Tocantins;TO;2021;12445;Original;155;40;25.806451612903224;2021
172025;1720259;São Salvador do Tocantins;TO;2021;3106;Original;26;5;19.230769230769234;2021
172030;1720309;São Sebastião do Tocantins;TO;2021;4898;Original;56;15;26.785714285714285;2021
172049;1720499;São Valério;TO;2021;3848;Original;40;3;7.5;2021
172065;1720655;Silvanópolis;TO;2021;5452;Original;63;16;25.396825396825395;2021
172080;1720804;Sítio Novo do Tocantins;TO;2021;8965;Original;135;25;18.51851851851852;2021
172085;1720853;Sucupira;TO;2021;2007;Original;19;4;21.052631578947366;2021
172090;1720903;Taguatinga;TO;2021;16966;Original;173;27;15.606936416184972;2021
172093;1720937;Taipas do Tocantins;TO;2021;2183;Original;33;4;12.121212121212121;2021
172097;1720978;Talismã;TO;2021;2831;Original;33;3;9.090909090909092;2021
172100;1721000;Palmas;TO;2021;313349;Original;4941;528;10.686095931997572;2021
172110;1721109;Tocantínia;TO;2021;7688;Original;189;65;34.39153439153439;2021
172120;1721208;Tocantinópolis;TO;2021;22820;Original;445;114;25.617977528089884;2021
172125;1721257;Tupirama;TO;2021;1952;Original;34;8;23.52941176470588;2021
172130;1721307;Tupiratins;TO;2021;2785;Original;33;12;36.36363636363637;2021
172208;1722081;Wanderlândia;TO;2021;11783;Original;145;25;17.24137931034483;2021
172210;1722107;Xambioá;TO;2021;11500;Original;174;30;17.24137931034483;2021
170025;1700251;Abreulândia;TO;2022;2626;Estimativa (Spline);34;7;20.588235294117645;2022
170030;1700301;Aguiarnópolis;TO;2022;6938;Estimativa (Spline);77;14;18.181818181818183;2022
170035;1700350;Aliança do Tocantins;TO;2022;5267;Estimativa (Spline);57;8;14.035087719298245;2022
170040;1700400;Almas;TO;2022;6823;Estimativa (Spline);98;16;16.3265306122449;2022
170070;1700707;Alvorada;TO;2022;8439;Estimativa (Spline);120;18;15.0;2022
170100;1701002;Ananás;TO;2022;9508;Estimativa (Spline);135;26;19.25925925925926;2022
170105;1701051;Angico;TO;2022;3440;Estimativa (Spline);41;8;19.51219512195122;2022
170110;1701101;Aparecida do Rio Negro;TO;2022;4956;Estimativa (Spline);78;15;19.230769230769234;2022
170130;1701309;Aragominas;TO;2022;5658;Estimativa (Spline);69;17;24.637681159420293;2022
170190;1701903;Araguacema;TO;2022;7168;Estimativa (Spline);71;13;18.30985915492958;2022
170200;1702000;Araguaçu;TO;2022;8373;Estimativa (Spline);104;26;25.0;2022
170210;1702109;Araguaína;TO;2022;187955;Estimativa (Spline);2961;397;13.407632556568727;2022
170215;1702158;Araguanã;TO;2022;5767;Estimativa (Spline);45;10;22.22222222222222;2022
170220;1702208;Araguatins;TO;2022;36575;Estimativa (Spline);473;90;19.027484143763214;2022
170230;1702307;Arapoema;TO;2022;6481;Estimativa (Spline);82;15;18.29268292682927;2022
170240;1702406;Arraias;TO;2022;10485;Estimativa (Spline);105;18;17.142857142857142;2022
170255;1702554;Augustinópolis;TO;2022;18974;Estimativa (Spline);293;58;19.795221843003414;2022
170270;1702703;Aurora do Tocantins;TO;2022;3794;Estimativa (Spline);24;3;12.5;2022
170290;1702901;Axixá do Tocantins;TO;2022;9919;Estimativa (Spline);164;25;15.24390243902439;2022
170300;1703008;Babaçulândia;TO;2022;10413;Estimativa (Spline);93;22;23.655913978494624;2022
170305;1703057;Bandeirantes do Tocantins;TO;2022;3652;Estimativa (Spline);50;14;28.000000000000004;2022
170307;1703073;Barra do Ouro;TO;2022;4702;Estimativa (Spline);68;21;30.88235294117647;2022
170310;1703107;Barrolândia;TO;2022;5615;Estimativa (Spline);61;13;21.311475409836063;2022
170320;1703206;Bernardo Sayão;TO;2022;4424;Estimativa (Spline);45;11;24.444444444444443;2022
170330;1703305;Bom Jesus do Tocantins;TO;2022;5117;Estimativa (Spline);85;15;17.647058823529413;2022
170360;1703602;Brasilândia do Tocantins;TO;2022;2210;Estimativa (Spline);28;6;21.428571428571427;2022
170370;1703701;Brejinho de Nazaré;TO;2022;5489;Estimativa (Spline);53;13;24.528301886792452;2022
170380;1703800;Buriti do Tocantins;TO;2022;11665;Estimativa (Spline);120;20;16.666666666666664;2022
170382;1703826;Cachoeirinha;TO;2022;2273;Estimativa (Spline);26;2;7.6923076923076925;2022
170384;1703842;Campos Lindos;TO;2022;10508;Estimativa (Spline);160;42;26.25;2022
170386;1703867;Cariri do Tocantins;TO;2022;4511;Estimativa (Spline);59;4;6.779661016949152;2022
170388;1703883;Carmolândia;TO;2022;2612;Estimativa (Spline);27;5;18.51851851851852;2022
170389;1703891;Carrasco Bonito;TO;2022;4119;Estimativa (Spline);54;16;29.629629629629626;2022
170390;1703909;Caseara;TO;2022;5522;Estimativa (Spline);62;18;29.03225806451613;2022
170410;1704105;Centenário;TO;2022;2913;Estimativa (Spline);15;6;40.0;2022
170460;1704600;Chapada de Areia;TO;2022;1433;Estimativa (Spline);26;5;19.230769230769234;2022
170510;1705102;Chapada da Natividade;TO;2022;3318;Estimativa (Spline);43;10;23.25581395348837;2022
170550;1705508;Colinas do Tocantins;TO;2022;36560;Estimativa (Spline);511;79;15.459882583170254;2022
170555;1705557;Combinado;TO;2022;4881;Estimativa (Spline);57;16;28.07017543859649;2022
170560;1705607;Conceição do Tocantins;TO;2022;4049;Estimativa (Spline);52;9;17.307692307692307;2022
170600;1706001;Couto Magalhães;TO;2022;5713;Estimativa (Spline);65;11;16.923076923076923;2022
170610;1706100;Cristalândia;TO;2022;7189;Estimativa (Spline);73;17;23.28767123287671;2022
170625;1706258;Crixás do Tocantins;TO;2022;1738;Estimativa (Spline);16;3;18.75;2022
170650;1706506;Darcinópolis;TO;2022;6289;Estimativa (Spline);102;28;27.450980392156865;2022
170700;1707009;Dianópolis;TO;2022;22493;Estimativa (Spline);291;58;19.93127147766323;2022
170710;1707108;Divinópolis do Tocantins;TO;2022;7048;Estimativa (Spline);87;16;18.39080459770115;2022
170720;1707207;Dois Irmãos do Tocantins;TO;2022;7097;Estimativa (Spline);82;18;21.951219512195124;2022
170730;1707306;Dueré;TO;2022;4654;Estimativa (Spline);58;12;20.689655172413794;2022
170740;1707405;Esperantina;TO;2022;11044;Estimativa (Spline);118;36;30.508474576271187;2022
170755;1707553;Fátima;TO;2022;3793;Estimativa (Spline);53;15;28.30188679245283;2022
170765;1707652;Figueirópolis;TO;2022;5218;Estimativa (Spline);58;11;18.96551724137931;2022
170770;1707702;Filadélfia;TO;2022;8812;Estimativa (Spline);102;20;19.607843137254903;2022
170820;1708205;Formoso do Araguaia;TO;2022;18433;Estimativa (Spline);278;73;26.258992805755394;2022
170825;1708254;Tabocão;TO;2022;2721;Estimativa (Spline);55;10;18.181818181818183;2022
170830;1708304;Goianorte;TO;2022;5115;Estimativa (Spline);49;10;20.408163265306122;2022
170900;1709005;Goiatins;TO;2022;13195;Estimativa (Spline);235;71;30.21276595744681;2022
170930;1709302;Guaraí;TO;2022;26520;Estimativa (Spline);330;54;16.363636363636363;2022
170950;1709500;Gurupi;TO;2022;89205;Estimativa (Spline);1244;172;13.826366559485532;2022
170980;1709807;Ipueiras;TO;2022;2073;Estimativa (Spline);9;4;44.44444444444444;2022
171050;1710508;Itacajá;TO;2022;7442;Estimativa (Spline);119;39;32.773109243697476;2022
171070;1710706;Itaguatins;TO;2022;5728;Estimativa (Spline);64;15;23.4375;2022
171090;1710904;Itapiratins;TO;2022;3818;Estimativa (Spline);49;16;32.6530612244898;2022
171110;1711100;Itaporã do Tocantins;TO;2022;2411;Estimativa (Spline);46;8;17.391304347826086;2022
171150;1711506;Jaú do Tocantins;TO;2022;3882;Estimativa (Spline);34;4;11.76470588235294;2022
171180;1711803;Juarina;TO;2022;2178;Estimativa (Spline);35;5;14.285714285714285;2022
171190;1711902;Lagoa da Confusão;TO;2022;14429;Estimativa (Spline);260;61;23.46153846153846;2022
171195;1711951;Lagoa do Tocantins;TO;2022;4450;Estimativa (Spline);75;18;24.0;2022
171200;1712009;Lajeado;TO;2022;3252;Estimativa (Spline);43;4;9.30232558139535;2022
171215;1712157;Lavandeira;TO;2022;1977;Estimativa (Spline);23;3;13.043478260869565;2022
171240;1712405;Lizarda;TO;2022;3658;Estimativa (Spline);44;10;22.727272727272727;2022
171245;1712454;Luzinópolis;TO;2022;3199;Estimativa (Spline);36;8;22.22222222222222;2022
171250;1712504;Marianópolis do Tocantins;TO;2022;5340;Estimativa (Spline);77;13;16.883116883116884;2022
171270;1712702;Mateiros;TO;2022;2816;Estimativa (Spline);49;11;22.448979591836736;2022
171280;1712801;Maurilândia do Tocantins;TO;2022;3460;Estimativa (Spline);35;6;17.142857142857142;2022
171320;1713205;Miracema do Tocantins;TO;2022;17518;Estimativa (Spline);270;51;18.88888888888889;2022
171330;1713304;Miranorte;TO;2022;13553;Estimativa (Spline);190;30;15.789473684210526;2022
171360;1713601;Monte do Carmo;TO;2022;8046;Estimativa (Spline);69;12;17.391304347826086;2022
171370;1713700;Monte Santo do Tocantins;TO;2022;2340;Estimativa (Spline);20;3;15.0;2022
171380;1713809;Palmeiras do Tocantins;TO;2022;6719;Estimativa (Spline);71;22;30.985915492957744;2022
171395;1713957;Muricilândia;TO;2022;3638;Estimativa (Spline);35;4;11.428571428571429;2022
171420;1714203;Natividade;TO;2022;9237;Estimativa (Spline);110;28;25.454545454545453;2022
171430;1714302;Nazaré;TO;2022;3810;Estimativa (Spline);61;8;13.114754098360656;2022
171488;1714880;Nova Olinda;TO;2022;11962;Estimativa (Spline);165;32;19.393939393939394;2022
171500;1715002;Nova Rosalândia;TO;2022;4296;Estimativa (Spline);35;5;14.285714285714285;2022
171510;1715101;Novo Acordo;TO;2022;4457;Estimativa (Spline);83;21;25.301204819277107;2022
171515;1715150;Novo Alegre;TO;2022;2288;Estimativa (Spline);11;2;18.181818181818183;2022
171525;1715259;Novo Jardim;TO;2022;2740;Estimativa (Spline);32;10;31.25;2022
171550;1715507;Oliveira de Fátima;TO;2022;1136;Estimativa (Spline);21;2;9.523809523809524;2022
171570;1715705;Palmeirante;TO;2022;6190;Estimativa (Spline);62;14;22.58064516129032;2022
171575;1715754;Palmeirópolis;TO;2022;7659;Estimativa (Spline);84;14;16.666666666666664;2022
171610;1716109;Paraíso do Tocantins;TO;2022;53236;Estimativa (Spline);760;85;11.18421052631579;2022
171620;1716208;Paranã;TO;2022;10462;Estimativa (Spline);141;35;24.822695035460992;2022
171630;1716307;Pau D'Arco;TO;2022;4827;Estimativa (Spline);50;12;24.0;2022
171650;1716505;Pedro Afonso;TO;2022;14176;Estimativa (Spline);222;50;22.52252252252252;2022
171660;1716604;Peixe;TO;2022;11859;Estimativa (Spline);123;15;12.195121951219512;2022
171665;1716653;Pequizeiro;TO;2022;5526;Estimativa (Spline);64;12;18.75;2022
171670;1716703;Colméia;TO;2022;8134;Estimativa (Spline);106;22;20.754716981132077;2022
171700;1717008;Pindorama do Tocantins;TO;2022;4421;Estimativa (Spline);62;15;24.193548387096776;2022
171720;1717206;Piraquê;TO;2022;2973;Estimativa (Spline);33;7;21.21212121212121;2022
171750;1717503;Pium;TO;2022;7854;Estimativa (Spline);95;23;24.210526315789473;2022
171780;1717800;Ponte Alta do Bom Jesus;TO;2022;4558;Estimativa (Spline);41;9;21.951219512195124;2022
171790;1717909;Ponte Alta do Tocantins;TO;2022;8218;Estimativa (Spline);104;25;24.03846153846154;2022
171800;1718006;Porto Alegre do Tocantins;TO;2022;3200;Estimativa (Spline);37;4;10.81081081081081;2022
171820;1718204;Porto Nacional;TO;2022;55208;Estimativa (Spline);1025;144;14.04878048780488;2022
171830;1718303;Praia Norte;TO;2022;8694;Estimativa (Spline);91;17;18.681318681318682;2022
171840;1718402;Presidente Kennedy;TO;2022;3608;Estimativa (Spline);33;9;27.27272727272727;2022
171845;1718451;Pugmil;TO;2022;2721;Estimativa (Spline);29;7;24.137931034482758;2022
171850;1718501;Recursolândia;TO;2022;4341;Estimativa (Spline);66;25;37.878787878787875;2022
171855;1718550;Riachinho;TO;2022;4691;Estimativa (Spline);59;14;23.728813559322035;2022
171865;1718659;Rio da Conceição;TO;2022;2205;Estimativa (Spline);24;7;29.166666666666668;2022
171870;1718709;Rio dos Bois;TO;2022;2893;Estimativa (Spline);32;4;12.5;2022
171875;1718758;Rio Sono;TO;2022;6354;Estimativa (Spline);63;14;22.22222222222222;2022
171880;1718808;Sampaio;TO;2022;4891;Estimativa (Spline);82;27;32.926829268292686;2022
171884;1718840;Sandolândia;TO;2022;3416;Estimativa (Spline);63;21;33.33333333333333;2022
171886;1718865;Santa Fé do Araguaia;TO;2022;7725;Estimativa (Spline);121;29;23.96694214876033;2022
171888;1718881;Santa Maria do Tocantins;TO;2022;3501;Estimativa (Spline);47;16;34.04255319148936;2022
171889;1718899;Santa Rita do Tocantins;TO;2022;2412;Estimativa (Spline);27;5;18.51851851851852;2022
171890;1718907;Santa Rosa do Tocantins;TO;2022;4873;Estimativa (Spline);73;12;16.43835616438356;2022
171900;1719004;Santa Tereza do Tocantins;TO;2022;2948;Estimativa (Spline);50;15;30.0;2022
172000;1720002;Santa Terezinha do Tocantins;TO;2022;2524;Estimativa (Spline);35;4;11.428571428571429;2022
172010;1720101;São Bento do Tocantins;TO;2022;5550;Estimativa (Spline);102;23;22.54901960784314;2022
172015;1720150;São Félix do Tocantins;TO;2022;1642;Estimativa (Spline);18;3;16.666666666666664;2022
172020;1720200;São Miguel do Tocantins;TO;2022;12696;Estimativa (Spline);145;27;18.620689655172416;2022
172025;1720259;São Salvador do Tocantins;TO;2022;3051;Estimativa (Spline);38;6;15.789473684210526;2022
172030;1720309;São Sebastião do Tocantins;TO;2022;4869;Estimativa (Spline);62;18;29.03225806451613;2022
172049;1720499;São Valério;TO;2022;3872;Estimativa (Spline);53;12;22.641509433962266;2022
172065;1720655;Silvanópolis;TO;2022;5453;Estimativa (Spline);76;16;21.052631578947366;2022
172080;1720804;Sítio Novo do Tocantins;TO;2022;9156;Estimativa (Spline);127;31;24.409448818897637;2022
172085;1720853;Sucupira;TO;2022;1986;Estimativa (Spline);14;4;28.57142857142857;2022
172090;1720903;Taguatinga;TO;2022;16830;Estimativa (Spline);175;34;19.428571428571427;2022
172093;1720937;Taipas do Tocantins;TO;2022;2186;Estimativa (Spline);28;6;21.428571428571427;2022
172097;1720978;Talismã;TO;2022;2817;Estimativa (Spline);28;4;14.285714285714285;2022
172100;1721000;Palmas;TO;2022;319480;Estimativa (Spline);4762;448;9.407811843763126;2022
172110;1721109;Tocantínia;TO;2022;7748;Estimativa (Spline);170;54;31.76470588235294;2022
172120;1721208;Tocantinópolis;TO;2022;22846;Estimativa (Spline);331;80;24.169184290030213;2022
172125;1721257;Tupirama;TO;2022;1978;Estimativa (Spline);24;3;12.5;2022
172130;1721307;Tupiratins;TO;2022;2745;Estimativa (Spline);23;6;26.08695652173913;2022
172208;1722081;Wanderlândia;TO;2022;11729;Estimativa (Spline);120;30;25.0;2022
172210;1722107;Xambioá;TO;2022;11416;Estimativa (Spline);156;33;21.153846153846153;2022
