cod_mun_ibge_6;cod_mun_ibge_7;municipio;UF;ano;populacao;tipo;n_equipes_esf;TAXA_EQUIPES_ESF;MES
170025;1700251;Abreulândia;TO;2024;2668;Original;12;44.97751124437781;0
170030;1700301;Aguiarnópolis;TO;2024;4537;Original;24;52.89839100727353;0
170035;1700350;Aliança do Tocantins;TO;2024;5222;Original;24;45.95940252776714;0
170040;1700400;Almas;TO;2024;6542;Original;36;55.02904310608377;0
170070;1700707;Alvorada;TO;2024;9094;Original;48;52.78205410160545;0
170100;1701002;Ananás;TO;2024;10662;Original;60;56.27462014631401;0
170105;1701051;Angico;TO;2024;2918;Original;24;82.2481151473612;0
170110;1701101;Aparecida do Rio Negro;TO;2024;5067;Original;24;47.36530491415038;0
170130;1701309;Aragominas;TO;2024;5360;Original;36;67.16417910447761;0
170190;1701903;Araguacema;TO;2024;6039;Original;36;59.61251862891207;0
170200;1702000;Araguaçu;TO;2024;8273;Original;48;58.02006527257343;0
170210;1702109;Araguaína;TO;2024;181493;Original;708;39.009768971806075;0
170215;1702158;Araguanã;TO;2024;4338;Original;24;55.325034578146614;0
170220;1702208;Araguatins;TO;2024;33205;Original;204;61.436530642975455;0
170230;1702307;Arapoema;TO;2024;5553;Original;36;64.82982171799027;0
170240;1702406;Arraias;TO;2024;10522;Original;48;45.61870366850408;0
170255;1702554;Augustinópolis;TO;2024;18128;Original;72;39.717563989408646;0
170270;1702703;Aurora do Tocantins;TO;2024;3420;Original;24;70.17543859649123;0
170290;1702901;Axixá do Tocantins;TO;2024;10663;Original;60;56.269342586514114;0
170300;1703008;Babaçulândia;TO;2024;7779;Original;48;61.70458927882761;0
170305;1703057;Bandeirantes do Tocantins;TO;2024;3534;Original;24;67.91171477079796;0
170307;1703073;Barra do Ouro;TO;2024;4641;Original;24;51.71299288946348;0
170310;1703107;Barrolândia;TO;2024;4915;Original;36;73.24516785350966;0
170320;1703206;Bernardo Sayão;TO;2024;4316;Original;24;55.60704355885079;0
170330;1703305;Bom Jesus do Tocantins;TO;2024;4181;Original;36;86.10380291796221;0
170360;1703602;Brasilândia do Tocantins;TO;2024;2016;Original;12;59.52380952380952;0
170370;1703701;Brejinho de Nazaré;TO;2024;4796;Original;36;75.0625521267723;0
170380;1703800;Buriti do Tocantins;TO;2024;10654;Original;72;67.5802515487141;0
170382;1703826;Cachoeirinha;TO;2024;1991;Original;12;60.271220492214965;0
170384;1703842;Campos Lindos;TO;2024;8951;Original;36;40.2189699474919;0
170386;1703867;Cariri do Tocantins;TO;2024;4147;Original;24;57.87316132143719;0
170388;1703883;Carmolândia;TO;2024;2246;Original;12;53.42831700801425;0
170389;1703891;Carrasco Bonito;TO;2024;3362;Original;24;71.38607971445568;0
170390;1703909;Caseara;TO;2024;5009;Original;36;71.87063286085046;0
170410;1704105;Centenário;TO;2024;2135;Original;12;56.20608899297424;0
170460;1704600;Chapada de Areia;TO;2024;1563;Original;12;76.77543186180422;0
170510;1705102;Chapada da Natividade;TO;2024;3182;Original;24;75.4242614707731;0
170550;1705508;Colinas do Tocantins;TO;2024;35957;Original;204;56.73443279472704;0
170555;1705557;Combinado;TO;2024;4896;Original;24;49.01960784313725;0
170560;1705607;Conceição do Tocantins;TO;2024;3956;Original;24;60.66734074823054;0
170600;1706001;Couto Magalhães;TO;2024;5515;Original;24;43.51767905711695;0
170610;1706100;Cristalândia;TO;2024;6437;Original;48;74.56889855522759;0
170625;1706258;Crixás do Tocantins;TO;2024;1499;Original;12;80.0533689126084;0
170650;1706506;Darcinópolis;TO;2024;6054;Original;36;59.46481665014866;0
170700;1707009;Dianópolis;TO;2024;18031;Original;84;46.58643447396151;0
170710;1707108;Divinópolis do Tocantins;TO;2024;7297;Original;36;49.335343291763735;0
170720;1707207;Dois Irmãos do Tocantins;TO;2024;6395;Original;48;75.05863956215794;0
170730;1707306;Dueré;TO;2024;4321;Original;24;55.542698449433;0
170740;1707405;Esperantina;TO;2024;7493;Original;60;80.07473642065928;0
170755;1707553;Fátima;TO;2024;3520;Original;24;68.18181818181817;0
170765;1707652;Figueirópolis;TO;2024;5336;Original;24;44.97751124437781;0
170770;1707702;Filadélfia;TO;2024;7823;Original;48;61.357535472325196;0
170820;1708205;Formoso do Araguaia;TO;2024;19428;Original;96;49.413218035824585;0
170825;1708254;Tabocão;TO;2024;3676;Original;12;32.64417845484222;0
170830;1708304;Goianorte;TO;2024;4840;Original;29;59.91735537190083;0
170900;1709005;Goiatins;TO;2024;12816;Original;68;53.05867665418227;0
170930;1709302;Guaraí;TO;2024;25681;Original;118;45.948366496631756;0
170950;1709500;Gurupi;TO;2024;89574;Original;420;46.8886060687253;0
170980;1709807;Ipueiras;TO;2024;1627;Original;12;73.75537799631223;0
171050;1710508;Itacajá;TO;2024;6969;Original;48;68.87645286267757;0
171070;1710706;Itaguatins;TO;2024;5206;Original;36;69.15097963887821;0
171090;1710904;Itapiratins;TO;2024;3679;Original;24;65.23511823865181;0
171110;1711100;Itaporã do Tocantins;TO;2024;2464;Original;12;48.7012987012987;0
171150;1711506;Jaú do Tocantins;TO;2024;3403;Original;24;70.52600646488392;0
171180;1711803;Juarina;TO;2024;2305;Original;12;52.060737527114966;0
171190;1711902;Lagoa da Confusão;TO;2024;16312;Original;50;30.65228052967141;0
171195;1711951;Lagoa do Tocantins;TO;2024;3610;Original;24;66.48199445983379;0
171200;1712009;Lajeado;TO;2024;3520;Original;24;68.18181818181817;0
171215;1712157;Lavandeira;TO;2024;1673;Original;12;71.72743574417215;0
171240;1712405;Lizarda;TO;2024;2991;Original;24;80.2407221664995;0
171245;1712454;Luzinópolis;TO;2024;2803;Original;24;85.6225472707813;0
171250;1712504;Marianópolis do Tocantins;TO;2024;4772;Original;36;75.44006705783738;0
171270;1712702;Mateiros;TO;2024;2888;Original;12;41.551246537396125;0
171280;1712801;Maurilândia do Tocantins;TO;2024;3171;Original;24;75.68590350047303;0
171320;1713205;Miracema do Tocantins;TO;2024;18787;Original;96;51.09916431575026;0
171330;1713304;Miranorte;TO;2024;13056;Original;48;36.76470588235294;0
171360;1713601;Monte do Carmo;TO;2024;5722;Original;48;83.88675288360714;0
171370;1713700;Monte Santo do Tocantins;TO;2024;2500;Original;12;47.99999999999999;0
171380;1713809;Palmeiras do Tocantins;TO;2024;4897;Original;36;73.51439656932816;0
171395;1713957;Muricilândia;TO;2024;3485;Original;24;68.86657101865136;0
171420;1714203;Natividade;TO;2024;8961;Original;60;66.95681285570807;0
171430;1714302;Nazaré;TO;2024;4660;Original;24;51.502145922746784;0
171488;1714880;Nova Olinda;TO;2024;10609;Original;48;45.24460363842021;0
171500;1715002;Nova Rosalândia;TO;2024;3403;Original;24;70.52600646488392;0
171510;1715101;Novo Acordo;TO;2024;4102;Original;24;58.50804485616773;0
171515;1715150;Novo Alegre;TO;2024;1841;Original;12;65.18196632265074;0
171525;1715259;Novo Jardim;TO;2024;2263;Original;12;53.02695536897923;0
171550;1715507;Oliveira de Fátima;TO;2024;1211;Original;12;99.0916597853014;0
171570;1715705;Palmeirante;TO;2024;4909;Original;24;48.889794255449175;0
171575;1715754;Palmeirópolis;TO;2024;7119;Original;48;67.42520016856301;0
171610;1716109;Paraíso do Tocantins;TO;2024;55164;Original;204;36.980639547531;0
171620;1716208;Paranã;TO;2024;10854;Original;48;44.223327805417355;0
171630;1716307;Pau D'Arco;TO;2024;4085;Original;24;58.751529987760094;0
171650;1716505;Pedro Afonso;TO;2024;14731;Original;84;57.02260538999389;0
171660;1716604;Peixe;TO;2024;9438;Original;72;76.28734901462174;0
171665;1716653;Pequizeiro;TO;2024;5038;Original;36;71.45692735212386;0
171670;1716703;Colméia;TO;2024;9158;Original;48;52.413190652981;0
171700;1717008;Pindorama do Tocantins;TO;2024;4596;Original;24;52.21932114882507;0
171720;1717206;Piraquê;TO;2024;2265;Original;11;48.565121412803535;0
171750;1717503;Pium;TO;2024;7375;Original;46;62.3728813559322;0
171780;1717800;Ponte Alta do Bom Jesus;TO;2024;4295;Original;24;55.87892898719441;0
171790;1717909;Ponte Alta do Tocantins;TO;2024;7842;Original;36;45.90665646518745;0
171800;1718006;Porto Alegre do Tocantins;TO;2024;2953;Original;24;81.27328140873688;0
171820;1718204;Porto Nacional;TO;2024;68555;Original;309;45.07329881117351;0
171830;1718303;Praia Norte;TO;2024;9460;Original;36;38.05496828752643;0
171840;1718402;Presidente Kennedy;TO;2024;3051;Original;24;78.66273352999018;0
171845;1718451;Pugmil;TO;2024;2231;Original;12;53.78753922008068;0
171850;1718501;Recursolândia;TO;2024;3471;Original;24;69.14433880726016;0
171855;1718550;Riachinho;TO;2024;4039;Original;24;59.420648675414704;0
171865;1718659;Rio da Conceição;TO;2024;1822;Original;12;65.86169045005488;0
171870;1718709;Rio dos Bois;TO;2024;2833;Original;12;42.35792446170138;0
171875;1718758;Rio Sono;TO;2024;4798;Original;36;75.03126302626094;0
171880;1718808;Sampaio;TO;2024;4372;Original;24;54.89478499542543;0
171884;1718840;Sandolândia;TO;2024;3873;Original;24;61.96746707978312;0
171886;1718865;Santa Fé do Araguaia;TO;2024;7489;Original;48;64.09400453999199;0
171888;1718881;Santa Maria do Tocantins;TO;2024;2726;Original;12;44.02054292002935;0
171889;1718899;Santa Rita do Tocantins;TO;2024;2291;Original;12;52.37887385421213;0
171890;1718907;Santa Rosa do Tocantins;TO;2024;4789;Original;24;50.11484652328252;0
171900;1719004;Santa Tereza do Tocantins;TO;2024;2889;Original;12;41.53686396677051;0
172000;1720002;Santa Terezinha do Tocantins;TO;2024;2463;Original;12;48.721071863580995;0
172010;1720101;São Bento do Tocantins;TO;2024;5936;Original;36;60.64690026954178;0
172015;1720150;São Félix do Tocantins;TO;2024;1875;Original;12;64.0;0
172020;1720200;São Miguel do Tocantins;TO;2024;13939;Original;71;50.93622211062487;0
172025;1720259;São Salvador do Tocantins;TO;2024;2385;Original;24;100.62893081761005;0
172030;1720309;São Sebastião do Tocantins;TO;2024;4189;Original;24;57.2929100023872;0
172049;1720499;São Valério;TO;2024;4547;Original;24;52.78205410160545;0
172065;1720655;Silvanópolis;TO;2024;5252;Original;36;68.54531607006854;0
172080;1720804;Sítio Novo do Tocantins;TO;2024;11334;Original;72;63.52567496029645;0
172085;1720853;Sucupira;TO;2024;1599;Original;12;75.046904315197;0
172090;1720903;Taguatinga;TO;2024;14247;Original;49;34.39320558714115;0
172093;1720937;Taipas do Tocantins;TO;2024;2086;Original;12;57.52636625119847;0
172097;1720978;Talismã;TO;2024;2509;Original;12;47.82781984854523;0
172100;1721000;Palmas;TO;2024;323625;Original;1032;31.888760139049825;0
172110;1721109;Tocantínia;TO;2024;7751;Original;36;46.445619920010316;0
172120;1721208;Tocantinópolis;TO;2024;23203;Original;120;51.71745032969874;0
172125;1721257;Tupirama;TO;2024;2003;Original;12;59.91013479780329;0
172130;1721307;Tupiratins;TO;2024;1897;Original;12;63.257775434897205;0
172208;1722081;Wanderlândia;TO;2024;10751;Original;60;55.808761975630176;0
172210;1722107;Xambioá;TO;2024;10683;Original;60;56.16399887672002;0
