cod_mun_ibge_6;cod_mun_ibge_7;municipio;UF;ano;populacao;tipo;obitos_infantis;nascidos_vivos;TMI;ANO
170025;1700251;Abreulândia;TO;2021;2609;Original;0;30;0.0;2021
170030;1700301;Aguiarnópolis;TO;2021;7049;Original;1;91;10.989010989010989;2021
170035;1700350;Aliança do Tocantins;TO;2021;5303;Original;1;67;14.925373134328359;2021
170040;1700400;Almas;TO;2021;6905;Original;2;123;16.260162601626018;2021
170070;1700707;Alvorada;TO;2021;8381;Original;2;133;15.037593984962406;2021
170100;1701002;Ananás;TO;2021;9435;Original;1;156;6.41025641025641;2021
170105;1701051;Angico;TO;2021;3475;Original;0;33;0.0;2021
170110;1701101;Aparecida do Rio Negro;TO;2021;4901;Original;2;72;27.777777777777775;2021
170130;1701309;Aragominas;TO;2021;5705;Original;0;64;0.0;2021
170190;1701903;Araguacema;TO;2021;7223;Original;2;93;21.505376344086024;2021
170200;1702000;Araguaçu;TO;2021;8418;Original;0;94;0.0;2021
170210;1702109;Araguaína;TO;2021;186245;Original;41;3050;13.442622950819672;2021
170215;1702158;Araguanã;TO;2021;5856;Original;0;64;0.0;2021
170220;1702208;Araguatins;TO;2021;36573;Original;3;459;6.5359477124183005;2021
170230;1702307;Arapoema;TO;2021;6590;Original;1;92;10.869565217391305;2021
170240;1702406;Arraias;TO;2021;10502;Original;4;137;29.197080291970803;2021
170255;1702554;Augustinópolis;TO;2021;18870;Original;3;300;10.0;2021
170270;1702703;Aurora do Tocantins;TO;2021;3809;Original;0;29;0.0;2021
170290;1702901;Axixá do Tocantins;TO;2021;9817;Original;2;198;10.101010101010102;2021
170300;1703008;Babaçulândia;TO;2021;10668;Original;2;92;21.73913043478261;2021
170305;1703057;Bandeirantes do Tocantins;TO;2021;3631;Original;1;57;17.543859649122805;2021
170307;1703073;Barra do Ouro;TO;2021;4673;Original;1;94;10.638297872340425;2021
170310;1703107;Barrolândia;TO;2021;5669;Original;1;61;16.393442622950822;2021
170320;1703206;Bernardo Sayão;TO;2021;4439;Original;1;51;19.607843137254903;2021
170330;1703305;Bom Jesus do Tocantins;TO;2021;5120;Original;1;73;13.698630136986301;2021
170360;1703602;Brasilândia do Tocantins;TO;2021;2221;Original;1;30;33.333333333333336;2021
170370;1703701;Brejinho de Nazaré;TO;2021;5540;Original;0;60;0.0;2021
170380;1703800;Buriti do Tocantins;TO;2021;11644;Original;1;146;6.8493150684931505;2021
170382;1703826;Cachoeirinha;TO;2021;2293;Original;0;33;0.0;2021
170384;1703842;Campos Lindos;TO;2021;10505;Original;1;170;5.88235294117647;2021
170386;1703867;Cariri do Tocantins;TO;2021;4499;Original;0;54;0.0;2021
170388;1703883;Carmolândia;TO;2021;2627;Original;0;36;0.0;2021
170389;1703891;Carrasco Bonito;TO;2021;4165;Original;2;55;36.36363636363636;2021
170390;1703909;Caseara;TO;2021;5514;Original;1;85;11.76470588235294;2021
170410;1704105;Centenário;TO;2021;2966;Original;0;25;0.0;2021
170460;1704600;Chapada de Areia;TO;2021;1415;Original;0;13;0.0;2021
170510;1705102;Chapada da Natividade;TO;2021;3330;Original;1;50;20.0;2021
170550;1705508;Colinas do Tocantins;TO;2021;36271;Original;6;591;10.15228426395939;2021
170555;1705557;Combinado;TO;2021;4870;Original;2;54;37.03703703703704;2021
170560;1705607;Conceição do Tocantins;TO;2021;4070;Original;1;58;17.241379310344826;2021
170600;1706001;Couto Magalhães;TO;2021;5690;Original;0;79;0.0;2021
170610;1706100;Cristalândia;TO;2021;7268;Original;2;76;26.31578947368421;2021
170625;1706258;Crixás do Tocantins;TO;2021;1749;Original;0;17;0.0;2021
170650;1706506;Darcinópolis;TO;2021;6250;Original;1;111;9.00900900900901;2021
170700;1707009;Dianópolis;TO;2021;22704;Original;4;299;13.377926421404682;2021
170710;1707108;Divinópolis do Tocantins;TO;2021;6986;Original;1;105;9.523809523809526;2021
170720;1707207;Dois Irmãos do Tocantins;TO;2021;7173;Original;0;66;0.0;2021
170730;1707306;Dueré;TO;2021;4686;Original;0;57;0.0;2021
170740;1707405;Esperantina;TO;2021;11280;Original;0;139;0.0;2021
170755;1707553;Fátima;TO;2021;3824;Original;2;49;40.816326530612244;2021
170765;1707652;Figueirópolis;TO;2021;5222;Original;3;61;49.18032786885246;2021
170770;1707702;Filadélfia;TO;2021;8892;Original;0;94;0.0;2021
170820;1708205;Formoso do Araguaia;TO;2021;18358;Original;2;298;6.7114093959731544;2021
170825;1708254;Tabocão;TO;2021;2615;Original;2;57;35.08771929824561;2021
170830;1708304;Goianorte;TO;2021;5136;Original;0;61;0.0;2021
170900;1709005;Goiatins;TO;2021;13169;Original;4;208;19.230769230769234;2021
170930;1709302;Guaraí;TO;2021;26403;Original;3;364;8.241758241758243;2021
170950;1709500;Gurupi;TO;2021;88428;Original;15;1263;11.876484560570072;2021
170980;1709807;Ipueiras;TO;2021;2088;Original;1;25;40.0;2021
171050;1710508;Itacajá;TO;2021;7471;Original;4;127;31.496062992125985;2021
171070;1710706;Itaguatins;TO;2021;5801;Original;1;66;15.151515151515152;2021
171090;1710904;Itapiratins;TO;2021;3814;Original;0;55;0.0;2021
171110;1711100;Itaporã do Tocantins;TO;2021;2412;Original;0;38;0.0;2021
171150;1711506;Jaú do Tocantins;TO;2021;3906;Original;1;29;34.48275862068965;2021
171180;1711803;Juarina;TO;2021;2174;Original;1;37;27.027027027027028;2021
171190;1711902;Lagoa da Confusão;TO;2021;13989;Original;4;289;13.84083044982699;2021
171195;1711951;Lagoa do Tocantins;TO;2021;4470;Original;0;63;0.0;2021
171200;1712009;Lajeado;TO;2021;3199;Original;0;58;0.0;2021
171215;1712157;Lavandeira;TO;2021;1984;Original;1;18;55.55555555555555;2021
171240;1712405;Lizarda;TO;2021;3727;Original;0;53;0.0;2021
171245;1712454;Luzinópolis;TO;2021;3200;Original;2;45;44.44444444444444;2021
171250;1712504;Marianópolis do Tocantins;TO;2021;5332;Original;3;65;46.15384615384615;2021
171270;1712702;Mateiros;TO;2021;2773;Original;2;40;50.0;2021
171280;1712801;Maurilândia do Tocantins;TO;2021;3470;Original;3;36;83.33333333333333;2021
171320;1713205;Miracema do Tocantins;TO;2021;17628;Original;6;295;20.338983050847457;2021
171330;1713304;Miranorte;TO;2021;13551;Original;3;175;17.142857142857142;2021
171360;1713601;Monte do Carmo;TO;2021;8182;Original;1;86;11.627906976744185;2021
171370;1713700;Monte Santo do Tocantins;TO;2021;2311;Original;0;28;0.0;2021
171380;1713809;Palmeiras do Tocantins;TO;2021;6830;Original;0;72;0.0;2021
171395;1713957;Muricilândia;TO;2021;3623;Original;2;55;36.36363636363636;2021
171420;1714203;Natividade;TO;2021;9256;Original;3;103;29.12621359223301;2021
171430;1714302;Nazaré;TO;2021;3772;Original;1;62;16.129032258064516;2021
171488;1714880;Nova Olinda;TO;2021;12014;Original;0;162;0.0;2021
171500;1715002;Nova Rosalândia;TO;2021;4348;Original;0;48;0.0;2021
171510;1715101;Novo Acordo;TO;2021;4450;Original;0;62;0.0;2021
171515;1715150;Novo Alegre;TO;2021;2332;Original;0;23;0.0;2021
171525;1715259;Novo Jardim;TO;2021;2768;Original;0;43;0.0;2021
171550;1715507;Oliveira de Fátima;TO;2021;1124;Original;0;16;0.0;2021
171570;1715705;Palmeirante;TO;2021;6234;Original;0;50;0.0;2021
171575;1715754;Palmeirópolis;TO;2021;7694;Original;1;85;11.76470588235294;2021
171610;1716109;Paraíso do Tocantins;TO;2021;52521;Original;14;795;17.61006289308176;2021
171620;1716208;Paranã;TO;2021;10426;Original;3;162;18.51851851851852;2021
171630;1716307;Pau D'Arco;TO;2021;4885;Original;1;66;15.151515151515152;2021
171650;1716505;Pedro Afonso;TO;2021;13964;Original;3;220;13.636363636363635;2021
171660;1716604;Peixe;TO;2021;11996;Original;0;130;0.0;2021
171665;1716653;Pequizeiro;TO;2021;5546;Original;1;68;14.705882352941176;2021
171670;1716703;Colméia;TO;2021;8078;Original;1;124;8.064516129032258;2021
171700;1717008;Pindorama do Tocantins;TO;2021;4414;Original;0;44;0.0;2021
171720;1717206;Piraquê;TO;2021;3038;Original;0;37;0.0;2021
171750;1717503;Pium;TO;2021;7830;Original;1;82;12.195121951219512;2021
171780;1717800;Ponte Alta do Bom Jesus;TO;2021;4586;Original;0;34;0.0;2021
171790;1717909;Ponte Alta do Tocantins;TO;2021;8192;Original;1;119;8.403361344537815;2021
171800;1718006;Porto Alegre do Tocantins;TO;2021;3200;Original;0;48;0.0;2021
171820;1718204;Porto Nacional;TO;2021;53618;Original;16;1115;14.349775784753364;2021
171830;1718303;Praia Norte;TO;2021;8563;Original;0;99;0.0;2021
171840;1718402;Presidente Kennedy;TO;2021;3668;Original;0;44;0.0;2021
171845;1718451;Pugmil;TO;2021;2746;Original;0;31;0.0;2021
171850;1718501;Recursolândia;TO;2021;4389;Original;0;60;0.0;2021
171855;1718550;Riachinho;TO;2021;4723;Original;1;66;15.151515151515152;2021
171865;1718659;Rio da Conceição;TO;2021;2211;Original;3;31;96.77419354838709;2021
171870;1718709;Rio dos Bois;TO;2021;2879;Original;1;40;25.0;2021
171875;1718758;Rio Sono;TO;2021;6498;Original;1;67;14.925373134328359;2021
171880;1718808;Sampaio;TO;2021;4876;Original;1;88;11.363636363636363;2021
171884;1718840;Sandolândia;TO;2021;3371;Original;0;44;0.0;2021
171886;1718865;Santa Fé do Araguaia;TO;2021;7678;Original;0;114;0.0;2021
171888;1718881;Santa Maria do Tocantins;TO;2021;3537;Original;0;39;0.0;2021
171889;1718899;Santa Rita do Tocantins;TO;2021;2407;Original;0;30;0.0;2021
171890;1718907;Santa Rosa do Tocantins;TO;2021;4864;Original;0;89;0.0;2021
171900;1719004;Santa Tereza do Tocantins;TO;2021;2928;Original;2;53;37.73584905660377;2021
172000;1720002;Santa Terezinha do Tocantins;TO;2021;2530;Original;1;28;35.714285714285715;2021
172010;1720101;São Bento do Tocantins;TO;2021;5457;Original;2;79;25.31645569620253;2021
172015;1720150;São Félix do Tocantins;TO;2021;1610;Original;0;21;0.0;2021
172020;1720200;São Miguel do Tocantins;TO;2021;12445;Original;1;155;6.451612903225806;2021
172025;1720259;São Salvador do Tocantins;TO;2021;3106;Original;0;26;0.0;2021
172030;1720309;São Sebastião do Tocantins;TO;2021;4898;Original;1;56;17.857142857142858;2021
172049;1720499;São Valério;TO;2021;3848;Original;0;40;0.0;2021
172065;1720655;Silvanópolis;TO;2021;5452;Original;0;63;0.0;2021
172080;1720804;Sítio Novo do Tocantins;TO;2021;8965;Original;0;135;0.0;2021
172085;1720853;Sucupira;TO;2021;2007;Original;0;19;0.0;2021
172090;1720903;Taguatinga;TO;2021;16966;Original;0;173;0.0;2021
172093;1720937;Taipas do Tocantins;TO;2021;2183;Original;0;33;0.0;2021
172097;1720978;Talismã;TO;2021;2831;Original;1;33;30.303030303030305;2021
172100;1721000;Palmas;TO;2021;313349;Original;67;4941;13.560008095527222;2021
172110;1721109;Tocantínia;TO;2021;7688;Original;2;189;10.582010582010582;2021
172120;1721208;Tocantinópolis;TO;2021;22820;Original;4;445;8.98876404494382;2021
172125;1721257;Tupirama;TO;2021;1952;Original;0;34;0.0;2021
172130;1721307;Tupiratins;TO;2021;2785;Original;0;33;0.0;2021
172208;1722081;Wanderlândia;TO;2021;11783;Original;0;145;0.0;2021
172210;1722107;Xambioá;TO;2021;11500;Original;3;174;17.241379310344826;2021
170025;1700251;Abreulândia;TO;2022;2626;Estimativa (Spline);1;34;29.41176470588235;2022
170030;1700301;Aguiarnópolis;TO;2022;6938;Estimativa (Spline);0;77;0.0;2022
170035;1700350;Aliança do Tocantins;TO;2022;5267;Estimativa (Spline);2;57;35.08771929824561;2022
170040;1700400;Almas;TO;2022;6823;Estimativa (Spline);0;98;0.0;2022
170070;1700707;Alvorada;TO;2022;8439;Estimativa (Spline);2;120;16.666666666666668;2022
170100;1701002;Ananás;TO;2022;9508;Estimativa (Spline);0;135;0.0;2022
170105;1701051;Angico;TO;2022;3440;Estimativa (Spline);1;41;24.390243902439025;2022
170110;1701101;Aparecida do Rio Negro;TO;2022;4956;Estimativa (Spline);0;78;0.0;2022
170130;1701309;Aragominas;TO;2022;5658;Estimativa (Spline);1;69;14.492753623188406;2022
170190;1701903;Araguacema;TO;2022;7168;Estimativa (Spline);2;71;28.169014084507044;2022
170200;1702000;Araguaçu;TO;2022;8373;Estimativa (Spline);0;104;0.0;2022
170210;1702109;Araguaína;TO;2022;187955;Estimativa (Spline);28;2961;9.456264775413711;2022
170215;1702158;Araguanã;TO;2022;5767;Estimativa (Spline);3;45;66.66666666666667;2022
170220;1702208;Araguatins;TO;2022;36575;Estimativa (Spline);8;473;16.913319238900634;2022
170230;1702307;Arapoema;TO;2022;6481;Estimativa (Spline);0;82;0.0;2022
170240;1702406;Arraias;TO;2022;10485;Estimativa (Spline);1;105;9.523809523809526;2022
170255;1702554;Augustinópolis;TO;2022;18974;Estimativa (Spline);2;293;6.825938566552901;2022
170270;1702703;Aurora do Tocantins;TO;2022;3794;Estimativa (Spline);0;24;0.0;2022
170290;1702901;Axixá do Tocantins;TO;2022;9919;Estimativa (Spline);1;164;6.097560975609756;2022
170300;1703008;Babaçulândia;TO;2022;10413;Estimativa (Spline);0;93;0.0;2022
170305;1703057;Bandeirantes do Tocantins;TO;2022;3652;Estimativa (Spline);2;50;40.0;2022
170307;1703073;Barra do Ouro;TO;2022;4702;Estimativa (Spline);1;68;14.705882352941176;2022
170310;1703107;Barrolândia;TO;2022;5615;Estimativa (Spline);1;61;16.393442622950822;2022
170320;1703206;Bernardo Sayão;TO;2022;4424;Estimativa (Spline);1;45;22.22222222222222;2022
170330;1703305;Bom Jesus do Tocantins;TO;2022;5117;Estimativa (Spline);1;85;11.76470588235294;2022
170360;1703602;Brasilândia do Tocantins;TO;2022;2210;Estimativa (Spline);0;28;0.0;2022
170370;1703701;Brejinho de Nazaré;TO;2022;5489;Estimativa (Spline);0;53;0.0;2022
170380;1703800;Buriti do Tocantins;TO;2022;11665;Estimativa (Spline);1;120;8.333333333333334;2022
170382;1703826;Cachoeirinha;TO;2022;2273;Estimativa (Spline);0;26;0.0;2022
170384;1703842;Campos Lindos;TO;2022;10508;Estimativa (Spline);3;160;18.75;2022
170386;1703867;Cariri do Tocantins;TO;2022;4511;Estimativa (Spline);0;59;0.0;2022
170388;1703883;Carmolândia;TO;2022;2612;Estimativa (Spline);0;27;0.0;2022
170389;1703891;Carrasco Bonito;TO;2022;4119;Estimativa (Spline);0;54;0.0;2022
170390;1703909;Caseara;TO;2022;5522;Estimativa (Spline);0;62;0.0;2022
170410;1704105;Centenário;TO;2022;2913;Estimativa (Spline);1;15;66.66666666666667;2022
170460;1704600;Chapada de Areia;TO;2022;1433;Estimativa (Spline);0;26;0.0;2022
170510;1705102;Chapada da Natividade;TO;2022;3318;Estimativa (Spline);0;43;0.0;2022
170550;1705508;Colinas do Tocantins;TO;2022;36560;Estimativa (Spline);6;511;11.741682974559687;2022
170555;1705557;Combinado;TO;2022;4881;Estimativa (Spline);0;57;0.0;2022
170560;1705607;Conceição do Tocantins;TO;2022;4049;Estimativa (Spline);2;52;38.46153846153847;2022
170600;1706001;Couto Magalhães;TO;2022;5713;Estimativa (Spline);1;65;15.384615384615385;2022
170610;1706100;Cristalândia;TO;2022;7189;Estimativa (Spline);2;73;27.397260273972602;2022
170625;1706258;Crixás do Tocantins;TO;2022;1738;Estimativa (Spline);0;16;0.0;2022
170650;1706506;Darcinópolis;TO;2022;6289;Estimativa (Spline);2;102;19.607843137254903;2022
170700;1707009;Dianópolis;TO;2022;22493;Estimativa (Spline);7;291;24.054982817869416;2022
170710;1707108;Divinópolis do Tocantins;TO;2022;7048;Estimativa (Spline);1;87;11.494252873563218;2022
170720;1707207;Dois Irmãos do Tocantins;TO;2022;7097;Estimativa (Spline);2;82;24.390243902439025;2022
170730;1707306;Dueré;TO;2022;4654;Estimativa (Spline);0;58;0.0;2022
170740;1707405;Esperantina;TO;2022;11044;Estimativa (Spline);3;118;25.423728813559325;2022
170755;1707553;Fátima;TO;2022;3793;Estimativa (Spline);0;53;0.0;2022
170765;1707652;Figueirópolis;TO;2022;5218;Estimativa (Spline);0;58;0.0;2022
170770;1707702;Filadélfia;TO;2022;8812;Estimativa (Spline);0;102;0.0;2022
170820;1708205;Formoso do Araguaia;TO;2022;18433;Estimativa (Spline);3;278;10.79136690647482;2022
170825;1708254;Tabocão;TO;2022;2721;Estimativa (Spline);0;55;0.0;2022
170830;1708304;Goianorte;TO;2022;5115;Estimativa (Spline);0;49;0.0;2022
170900;1709005;Goiatins;TO;2022;13195;Estimativa (Spline);8;235;34.04255319148936;2022
170930;1709302;Guaraí;TO;2022;26520;Estimativa (Spline);6;330;18.18181818181818;2022
170950;1709500;Gurupi;TO;2022;89205;Estimativa (Spline);8;1244;6.430868167202572;2022
170980;1709807;Ipueiras;TO;2022;2073;Estimativa (Spline);0;9;0.0;2022
171050;1710508;Itacajá;TO;2022;7442;Estimativa (Spline);2;119;16.80672268907563;2022
171070;1710706;Itaguatins;TO;2022;5728;Estimativa (Spline);1;64;15.625;2022
171090;1710904;Itapiratins;TO;2022;3818;Estimativa (Spline);0;49;0.0;2022
171110;1711100;Itaporã do Tocantins;TO;2022;2411;Estimativa (Spline);0;46;0.0;2022
171150;1711506;Jaú do Tocantins;TO;2022;3882;Estimativa (Spline);1;34;29.41176470588235;2022
171180;1711803;Juarina;TO;2022;2178;Estimativa (Spline);1;35;28.57142857142857;2022
171190;1711902;Lagoa da Confusão;TO;2022;14429;Estimativa (Spline);5;260;19.230769230769234;2022
171195;1711951;Lagoa do Tocantins;TO;2022;4450;Estimativa (Spline);0;75;0.0;2022
171200;1712009;Lajeado;TO;2022;3252;Estimativa (Spline);1;43;23.25581395348837;2022
171215;1712157;Lavandeira;TO;2022;1977;Estimativa (Spline);2;23;86.95652173913044;2022
171240;1712405;Lizarda;TO;2022;3658;Estimativa (Spline);1;44;22.727272727272727;2022
171245;1712454;Luzinópolis;TO;2022;3199;Estimativa (Spline);0;36;0.0;2022
171250;1712504;Marianópolis do Tocantins;TO;2022;5340;Estimativa (Spline);1;77;12.987012987012989;2022
171270;1712702;Mateiros;TO;2022;2816;Estimativa (Spline);2;49;40.816326530612244;2022
171280;1712801;Maurilândia do Tocantins;TO;2022;3460;Estimativa (Spline);1;35;28.57142857142857;2022
171320;1713205;Miracema do Tocantins;TO;2022;17518;Estimativa (Spline);5;270;18.51851851851852;2022
171330;1713304;Miranorte;TO;2022;13553;Estimativa (Spline);5;190;26.31578947368421;2022
171360;1713601;Monte do Carmo;TO;2022;8046;Estimativa (Spline);2;69;28.985507246376812;2022
171370;1713700;Monte Santo do Tocantins;TO;2022;2340;Estimativa (Spline);0;20;0.0;2022
171380;1713809;Palmeiras do Tocantins;TO;2022;6719;Estimativa (Spline);0;71;0.0;2022
171395;1713957;Muricilândia;TO;2022;3638;Estimativa (Spline);0;35;0.0;2022
171420;1714203;Natividade;TO;2022;9237;Estimativa (Spline);2;110;18.18181818181818;2022
171430;1714302;Nazaré;TO;2022;3810;Estimativa (Spline);2;61;32.786885245901644;2022
171488;1714880;Nova Olinda;TO;2022;11962;Estimativa (Spline);4;165;24.242424242424242;2022
171500;1715002;Nova Rosalândia;TO;2022;4296;Estimativa (Spline);0;35;0.0;2022
171510;1715101;Novo Acordo;TO;2022;4457;Estimativa (Spline);1;83;12.048192771084338;2022
171515;1715150;Novo Alegre;TO;2022;2288;Estimativa (Spline);1;11;90.9090909090909;2022
171525;1715259;Novo Jardim;TO;2022;2740;Estimativa (Spline);0;32;0.0;2022
171550;1715507;Oliveira de Fátima;TO;2022;1136;Estimativa (Spline);0;21;0.0;2022
171570;1715705;Palmeirante;TO;2022;6190;Estimativa (Spline);3;62;48.387096774193544;2022
171575;1715754;Palmeirópolis;TO;2022;7659;Estimativa (Spline);0;84;0.0;2022
171610;1716109;Paraíso do Tocantins;TO;2022;53236;Estimativa (Spline);5;760;6.578947368421052;2022
171620;1716208;Paranã;TO;2022;10462;Estimativa (Spline);4;141;28.368794326241133;2022
171630;1716307;Pau D'Arco;TO;2022;4827;Estimativa (Spline);1;50;20.0;2022
171650;1716505;Pedro Afonso;TO;2022;14176;Estimativa (Spline);6;222;27.027027027027028;2022
171660;1716604;Peixe;TO;2022;11859;Estimativa (Spline);3;123;24.390243902439025;2022
171665;1716653;Pequizeiro;TO;2022;5526;Estimativa (Spline);2;64;31.25;2022
171670;1716703;Colméia;TO;2022;8134;Estimativa (Spline);0;106;0.0;2022
171700;1717008;Pindorama do Tocantins;TO;2022;4421;Estimativa (Spline);2;62;32.25806451612903;2022
171720;1717206;Piraquê;TO;2022;2973;Estimativa (Spline);0;33;0.0;2022
171750;1717503;Pium;TO;2022;7854;Estimativa (Spline);0;95;0.0;2022
171780;1717800;Ponte Alta do Bom Jesus;TO;2022;4558;Estimativa (Spline);0;41;0.0;2022
171790;1717909;Ponte Alta do Tocantins;TO;2022;8218;Estimativa (Spline);2;104;19.230769230769234;2022
171800;1718006;Porto Alegre do Tocantins;TO;2022;3200;Estimativa (Spline);2;37;54.054054054054056;2022
171820;1718204;Porto Nacional;TO;2022;55208;Estimativa (Spline);16;1025;15.609756097560975;2022
171830;1718303;Praia Norte;TO;2022;8694;Estimativa (Spline);0;91;0.0;2022
171840;1718402;Presidente Kennedy;TO;2022;3608;Estimativa (Spline);0;33;0.0;2022
171845;1718451;Pugmil;TO;2022;2721;Estimativa (Spline);0;29;0.0;2022
171850;1718501;Recursolândia;TO;2022;4341;Estimativa (Spline);0;66;0.0;2022
171855;1718550;Riachinho;TO;2022;4691;Estimativa (Spline);0;59;0.0;2022
171865;1718659;Rio da Conceição;TO;2022;2205;Estimativa (Spline);0;24;0.0;2022
171870;1718709;Rio dos Bois;TO;2022;2893;Estimativa (Spline);0;32;0.0;2022
171875;1718758;Rio Sono;TO;2022;6354;Estimativa (Spline);1;63;15.873015873015872;2022
171880;1718808;Sampaio;TO;2022;4891;Estimativa (Spline);1;82;12.195121951219512;2022
171884;1718840;Sandolândia;TO;2022;3416;Estimativa (Spline);1;63;15.873015873015872;2022
171886;1718865;Santa Fé do Araguaia;TO;2022;7725;Estimativa (Spline);1;121;8.264462809917356;2022
171888;1718881;Santa Maria do Tocantins;TO;2022;3501;Estimativa (Spline);0;47;0.0;2022
171889;1718899;Santa Rita do Tocantins;TO;2022;2412;Estimativa (Spline);0;27;0.0;2022
171890;1718907;Santa Rosa do Tocantins;TO;2022;4873;Estimativa (Spline);2;73;27.397260273972602;2022
171900;1719004;Santa Tereza do Tocantins;TO;2022;2948;Estimativa (Spline);1;50;20.0;2022
172000;1720002;Santa Terezinha do Tocantins;TO;2022;2524;Estimativa (Spline);1;35;28.57142857142857;2022
172010;1720101;São Bento do Tocantins;TO;2022;5550;Estimativa (Spline);0;102;0.0;2022
172015;1720150;São Félix do Tocantins;TO;2022;1642;Estimativa (Spline);0;18;0.0;2022
172020;1720200;São Miguel do Tocantins;TO;2022;12696;Estimativa (Spline);1;145;6.896551724137931;2022
172025;1720259;São Salvador do Tocantins;TO;2022;3051;Estimativa (Spline);0;38;0.0;2022
172030;1720309;São Sebastião do Tocantins;TO;2022;4869;Estimativa (Spline);1;62;16.129032258064516;2022
172049;1720499;São Valério;TO;2022;3872;Estimativa (Spline);1;53;18.867924528301884;2022
172065;1720655;Silvanópolis;TO;2022;5453;Estimativa (Spline);2;76;26.31578947368421;2022
172080;1720804;Sítio Novo do Tocantins;TO;2022;9156;Estimativa (Spline);2;127;15.748031496062993;2022
172085;1720853;Sucupira;TO;2022;1986;Estimativa (Spline);0;14;0.0;2022
172090;1720903;Taguatinga;TO;2022;16830;Estimativa (Spline);1;175;5.714285714285714;2022
172093;1720937;Taipas do Tocantins;TO;2022;2186;Estimativa (Spline);1;28;35.714285714285715;2022
172097;1720978;Talismã;TO;2022;2817;Estimativa (Spline);1;28;35.714285714285715;2022
172100;1721000;Palmas;TO;2022;319480;Estimativa (Spline);51;4762;10.709785804283914;2022
172110;1721109;Tocantínia;TO;2022;7748;Estimativa (Spline);1;170;5.88235294117647;2022
172120;1721208;Tocantinópolis;TO;2022;22846;Estimativa (Spline);5;331;15.105740181268883;2022
172125;1721257;Tupirama;TO;2022;1978;Estimativa (Spline);0;24;0.0;2022
172130;1721307;Tupiratins;TO;2022;2745;Estimativa (Spline);0;23;0.0;2022
172208;1722081;Wanderlândia;TO;2022;11729;Estimativa (Spline);2;120;16.666666666666668;2022
172210;1722107;Xambioá;TO;2022;11416;Estimativa (Spline);1;156;6.41025641025641;2022
520005;5200050;Abadia de Goiás;GO;2021;9158;Original;4;213;18.779342723004696;2021
520010;5200100;Abadiânia;GO;2021;20873;Original;2;182;10.989010989010989;2021
520013;5200134;Acreúna;GO;2021;22710;Original;2;239;8.368200836820083;2021
520015;5200159;Adelândia;GO;2021;2515;Original;0;24;0.0;2021
520017;5200175;Água Fria de Goiás;GO;2021;5843;Original;1;49;20.408163265306122;2021
520020;5200209;Água Limpa;GO;2021;1809;Original;1;17;58.8235294117647;2021
520025;5200258;Águas Lindas de Goiás;GO;2021;222850;Original;36;3094;11.635423400129282;2021
520030;5200308;Alexânia;GO;2021;28360;Original;5;398;12.56281407035176;2021
520050;5200506;Aloândia;GO;2021;1976;Original;0;17;0.0;2021
520055;5200555;Alto Horizonte;GO;2021;6796;Original;0;115;0.0;2021
520060;5200605;Alto Paraíso de Goiás;GO;2021;7751;Original;2;141;14.184397163120567;2021
520080;5200803;Alvorada do Norte;GO;2021;8749;Original;3;131;22.900763358778626;2021
520082;5200829;Amaralina;GO;2021;3875;Original;0;20;0.0;2021
520085;5200852;Americano do Brasil;GO;2021;6220;Original;0;82;0.0;2021
520090;5200902;Amorinópolis;GO;2021;3011;Original;0;25;0.0;2021
520110;5201108;Anápolis;GO;2021;396526;Original;62;5671;10.932816081819785;2021
520120;5201207;Anhanguera;GO;2021;1171;Original;0;7;0.0;2021
520130;5201306;Anicuns;GO;2021;22113;Original;8;208;38.46153846153847;2021
520140;5201405;Aparecida de Goiânia;GO;2021;601844;Original;100;7218;13.854253255749516;2021
520145;5201454;Aparecida do Rio Doce;GO;2021;2474;Original;0;20;0.0;2021
520150;5201504;Aporé;GO;2021;4266;Original;1;69;14.492753623188406;2021
520160;5201603;Araçu;GO;2021;3450;Original;0;23;0.0;2021
520170;5201702;Aragarças;GO;2021;20410;Original;6;221;27.149321266968325;2021
520180;5201801;Aragoiânia;GO;2021;10680;Original;3;155;19.35483870967742;2021
520215;5202155;Araguapaz;GO;2021;7795;Original;0;38;0.0;2021
520235;5202353;Arenópolis;GO;2021;2462;Original;0;30;0.0;2021
520250;5202502;Aruanã;GO;2021;10340;Original;0;99;0.0;2021
520260;5202601;Aurilândia;GO;2021;3000;Original;0;33;0.0;2021
520280;5202809;Avelinópolis;GO;2021;2401;Original;1;23;43.47826086956522;2021
520310;5203104;Baliza;GO;2021;5418;Original;0;30;0.0;2021
520320;5203203;Barro Alto;GO;2021;11643;Original;2;142;14.084507042253522;2021
520330;5203302;Bela Vista de Goiás;GO;2021;31004;Original;3;420;7.142857142857142;2021
520340;5203401;Bom Jardim de Goiás;GO;2021;8912;Original;0;120;0.0;2021
520350;5203500;Bom Jesus de Goiás;GO;2021;26069;Original;1;340;2.941176470588235;2021
520355;5203559;Bonfinópolis;GO;2021;10120;Original;4;123;32.520325203252035;2021
520357;5203575;Bonópolis;GO;2021;4579;Original;0;42;0.0;2021
520360;5203609;Brazabrantes;GO;2021;3812;Original;0;40;0.0;2021
520380;5203807;Britânia;GO;2021;5815;Original;1;86;11.627906976744185;2021
520390;5203906;Buriti Alegre;GO;2021;9515;Original;0;113;0.0;2021
520393;5203939;Buriti de Goiás;GO;2021;2464;Original;0;33;0.0;2021
520396;5203962;Buritinópolis;GO;2021;3272;Original;0;52;0.0;2021
520400;5204003;Cabeceiras;GO;2021;8098;Original;2;88;22.727272727272727;2021
520410;5204102;Cachoeira Alta;GO;2021;12843;Original;1;111;9.00900900900901;2021
520420;5204201;Cachoeira de Goiás;GO;2021;1336;Original;0;19;0.0;2021
520425;5204250;Cachoeira Dourada;GO;2021;7997;Original;1;66;15.151515151515152;2021
520430;5204300;Caçu;GO;2021;16525;Original;0;162;0.0;2021
520440;5204409;Caiapônia;GO;2021;19304;Original;2;205;9.75609756097561;2021
520450;5204508;Caldas Novas;GO;2021;95183;Original;18;1260;14.285714285714285;2021
520455;5204557;Caldazinha;GO;2021;3900;Original;0;34;0.0;2021
520460;5204607;Campestre de Goiás;GO;2021;3662;Original;0;45;0.0;2021
520465;5204656;Campinaçu;GO;2021;3628;Original;0;37;0.0;2021
520470;5204706;Campinorte;GO;2021;12880;Original;2;140;14.285714285714285;2021
520480;5204805;Campo Alegre de Goiás;GO;2021;7884;Original;1;88;11.363636363636363;2021
520485;5204854;Campo Limpo de Goiás;GO;2021;8087;Original;1;120;8.333333333333334;2021
520490;5204904;Campos Belos;GO;2021;20124;Original;6;300;20.0;2021
520495;5204953;Campos Verdes;GO;2021;1526;Original;0;49;0.0;2021
520500;5205000;Carmo do Rio Verde;GO;2021;10299;Original;4;89;44.9438202247191;2021
520505;5205059;Castelândia;GO;2021;3380;Original;2;28;71.42857142857143;2021
520510;5205109;Catalão;GO;2021;113091;Original;11;1400;7.857142857142858;2021
520520;5205208;Caturaí;GO;2021;5132;Original;0;42;0.0;2021
520530;5205307;Cavalcante;GO;2021;9740;Original;5;136;36.76470588235294;2021
520540;5205406;Ceres;GO;2021;22407;Original;0;285;0.0;2021
520545;5205455;Cezarina;GO;2021;8794;Original;2;81;24.691358024691358;2021
520547;5205471;Chapadão do Céu;GO;2021;10797;Original;1;214;4.672897196261682;2021
520549;5205497;Cidade Ocidental;GO;2021;74370;Original;9;1156;7.7854671280276815;2021
520551;5205513;Cocalzinho de Goiás;GO;2021;20771;Original;2;277;7.220216606498195;2021
520552;5205521;Colinas do Sul;GO;2021;3339;Original;0;61;0.0;2021
520570;5205703;Córrego do Ouro;GO;2021;2254;Original;1;24;41.666666666666664;2021
520580;5205802;Corumbá de Goiás;GO;2021;11223;Original;0;99;0.0;2021
520590;5205901;Corumbaíba;GO;2021;10012;Original;1;102;9.803921568627452;2021
520620;5206206;Cristalina;GO;2021;61385;Original;18;928;19.396551724137932;2021
520630;5206305;Cristianópolis;GO;2021;2962;Original;0;50;0.0;2021
520640;5206404;Crixás;GO;2021;17136;Original;0;196;0.0;2021
520650;5206503;Cromínia;GO;2021;3458;Original;1;40;25.0;2021
520660;5206602;Cumari;GO;2021;2820;Original;0;29;0.0;2021
520670;5206701;Damianópolis;GO;2021;3302;Original;2;60;33.333333333333336;2021
520680;5206800;Damolândia;GO;2021;2944;Original;0;19;0.0;2021
520690;5206909;Davinópolis;GO;2021;2094;Original;0;18;0.0;2021
520710;5207105;Diorama;GO;2021;2477;Original;1;15;66.66666666666667;2021
520725;5207253;Doverlândia;GO;2021;7174;Original;2;72;27.777777777777775;2021
520735;5207352;Edealina;GO;2021;3678;Original;0;46;0.0;2021
520740;5207402;Edéia;GO;2021;12559;Original;0;137;0.0;2021
520750;5207501;Estrela do Norte;GO;2021;3253;Original;0;31;0.0;2021
520753;5207535;Faina;GO;2021;6527;Original;3;55;54.54545454545454;2021
520760;5207600;Fazenda Nova;GO;2021;5471;Original;1;41;24.390243902439025;2021
520780;5207808;Firminópolis;GO;2021;13604;Original;0;94;0.0;2021
520790;5207907;Flores de Goiás;GO;2021;17415;Original;1;93;10.752688172043012;2021
520800;5208004;Formosa;GO;2021;125705;Original;16;1679;9.529481834425255;2021
520810;5208103;Formoso;GO;2021;4098;Original;0;52;0.0;2021
520815;5208152;Gameleira de Goiás;GO;2021;3923;Original;1;31;32.25806451612903;2021
520830;5208301;Divinópolis de Goiás;GO;2021;4701;Original;0;63;0.0;2021
520840;5208400;Goianápolis;GO;2021;11217;Original;2;185;10.81081081081081;2021
520850;5208509;Goiandira;GO;2021;5650;Original;0;42;0.0;2021
520860;5208608;Goianésia;GO;2021;72045;Original;15;1003;14.955134596211366;2021
520870;5208707;Goiânia;GO;2021;1555626;Original;233;18698;12.461225799550755;2021
520880;5208806;Goianira;GO;2021;46278;Original;13;926;14.038876889848812;2021
520890;5208905;Goiás;GO;2021;22122;Original;4;213;18.779342723004696;2021
520910;5209101;Goiatuba;GO;2021;34307;Original;4;419;9.546539379474941;2021
520915;5209150;Gouvelândia;GO;2021;6076;Original;0;45;0.0;2021
520920;5209200;Guapó;GO;2021;14206;Original;2;213;9.389671361502348;2021
520929;5209291;Guaraíta;GO;2021;1905;Original;0;12;0.0;2021
520940;5209408;Guarani de Goiás;GO;2021;3801;Original;1;43;23.25581395348837;2021
520945;5209457;Guarinos;GO;2021;1681;Original;0;22;0.0;2021
520960;5209606;Heitoraí;GO;2021;3742;Original;1;34;29.41176470588235;2021
520970;5209705;Hidrolândia;GO;2021;22533;Original;4;319;12.539184952978056;2021
520980;5209804;Hidrolina;GO;2021;3450;Original;1;39;25.64102564102564;2021
520990;5209903;Iaciara;GO;2021;14215;Original;1;178;5.617977528089887;2021
520993;5209937;Inaciolândia;GO;2021;6275;Original;1;55;18.18181818181818;2021
520995;5209952;Indiara;GO;2021;15962;Original;3;200;15.0;2021
521000;5210000;Inhumas;GO;2021;53655;Original;10;600;16.666666666666668;2021
521010;5210109;Ipameri;GO;2021;27365;Original;2;303;6.600660066006601;2021
521015;5210158;Ipiranga de Goiás;GO;2021;2892;Original;0;29;0.0;2021
521020;5210208;Iporá;GO;2021;31471;Original;3;403;7.444168734491315;2021
521030;5210307;Israelândia;GO;2021;2772;Original;0;27;0.0;2021
521040;5210406;Itaberaí;GO;2021;44329;Original;7;562;12.455516014234876;2021
521056;5210562;Itaguari;GO;2021;4684;Original;1;50;20.0;2021
521060;5210604;Itaguaru;GO;2021;5184;Original;0;41;0.0;2021
521080;5210802;Itajá;GO;2021;4412;Original;2;68;29.41176470588235;2021
521090;5210901;Itapaci;GO;2021;23850;Original;2;282;7.092198581560283;2021
521100;5211008;Itapirapuã;GO;2021;4380;Original;1;75;13.333333333333334;2021
521120;5211206;Itapuranga;GO;2021;25597;Original;3;312;9.615384615384617;2021
521130;5211305;Itarumã;GO;2021;7337;Original;1;65;15.384615384615385;2021
521140;5211404;Itauçu;GO;2021;8968;Original;1;82;12.195121951219512;2021
521150;5211503;Itumbiara;GO;2021;106845;Original;12;1263;9.501187648456057;2021
521160;5211602;Ivolândia;GO;2021;2295;Original;0;21;0.0;2021
521170;5211701;Jandaia;GO;2021;6001;Original;0;61;0.0;2021
521180;5211800;Jaraguá;GO;2021;52160;Original;4;525;7.619047619047619;2021
521190;5211909;Jataí;GO;2021;103221;Original;24;1441;16.655100624566273;2021
521200;5212006;Jaupaci;GO;2021;2843;Original;0;47;0.0;2021
521205;5212055;Jesúpolis;GO;2021;2497;Original;0;22;0.0;2021
521210;5212105;Joviânia;GO;2021;7417;Original;1;84;11.904761904761903;2021
521220;5212204;Jussara;GO;2021;18266;Original;2;205;9.75609756097561;2021
521225;5212253;Lagoa Santa;GO;2021;1652;Original;0;21;0.0;2021
521230;5212303;Leopoldo de Bulhões;GO;2021;7663;Original;1;82;12.195121951219512;2021
521250;5212501;Luziânia;GO;2021;214645;Original;28;2919;9.592326139088728;2021
521260;5212600;Mairipotaba;GO;2021;2358;Original;0;16;0.0;2021
521270;5212709;Mambaí;GO;2021;9277;Original;5;162;30.864197530864196;2021
521280;5212808;Mara Rosa;GO;2021;9234;Original;2;132;15.151515151515152;2021
521290;5212907;Marzagão;GO;2021;2263;Original;1;36;27.777777777777775;2021
521295;5212956;Matrinchã;GO;2021;4321;Original;1;49;20.408163265306122;2021
521300;5213004;Maurilândia;GO;2021;14568;Original;1;141;7.092198581560283;2021
521305;5213053;Mimoso de Goiás;GO;2021;2575;Original;0;27;0.0;2021
521308;5213087;Minaçu;GO;2021;28518;Original;6;390;15.384615384615385;2021
521310;5213103;Mineiros;GO;2021;69477;Original;16;1026;15.594541910331383;2021
521340;5213400;Moiporá;GO;2021;1471;Original;0;6;0.0;2021
521350;5213509;Monte Alegre de Goiás;GO;2021;8759;Original;2;97;20.61855670103093;2021
521370;5213707;Montes Claros de Goiás;GO;2021;8037;Original;0;98;0.0;2021
521375;5213756;Montividiu;GO;2021;13935;Original;2;165;12.121212121212121;2021
521377;5213772;Montividiu do Norte;GO;2021;4538;Original;2;47;42.5531914893617;2021
521380;5213806;Morrinhos;GO;2021;46955;Original;9;632;14.240506329113924;2021
521385;5213855;Morro Agudo de Goiás;GO;2021;2217;Original;0;35;0.0;2021
521390;5213905;Mossâmedes;GO;2021;4120;Original;0;49;0.0;2021
521400;5214002;Mozarlândia;GO;2021;16077;Original;0;245;0.0;2021
521405;5214051;Mundo Novo;GO;2021;4540;Original;0;93;0.0;2021
521410;5214101;Mutunópolis;GO;2021;3749;Original;0;52;0.0;2021
521440;5214408;Nazário;GO;2021;9375;Original;1;82;12.195121951219512;2021
521450;5214507;Nerópolis;GO;2021;30931;Original;6;467;12.84796573875803;2021
521460;5214606;Niquelândia;GO;2021;47064;Original;5;414;12.077294685990339;2021
521470;5214705;Nova América;GO;2021;2362;Original;0;19;0.0;2021
521480;5214804;Nova Aurora;GO;2021;2236;Original;0;17;0.0;2021
521483;5214838;Nova Crixás;GO;2021;13020;Original;1;165;6.0606060606060606;2021
521486;5214861;Nova Glória;GO;2021;8063;Original;0;72;0.0;2021
521487;5214879;Nova Iguaçu de Goiás;GO;2021;2939;Original;0;35;0.0;2021
521490;5214903;Nova Roma;GO;2021;3208;Original;1;36;27.777777777777775;2021
521500;5215009;Nova Veneza;GO;2021;10193;Original;4;88;45.45454545454545;2021
521520;5215207;Novo Brasil;GO;2021;2775;Original;0;41;0.0;2021
521523;5215231;Novo Gama;GO;2021;119649;Original;14;1414;9.900990099009901;2021
521525;5215256;Novo Planalto;GO;2021;4592;Original;0;47;0.0;2021
521530;5215306;Orizona;GO;2021;15834;Original;1;212;4.716981132075471;2021
521540;5215405;Ouro Verde de Goiás;GO;2021;3679;Original;0;53;0.0;2021
521550;5215504;Ouvidor;GO;2021;6895;Original;1;78;12.82051282051282;2021
521560;5215603;Padre Bernardo;GO;2021;35011;Original;7;396;17.676767676767675;2021
521565;5215652;Palestina de Goiás;GO;2021;3470;Original;0;44;0.0;2021
521570;5215702;Palmeiras de Goiás;GO;2021;29915;Original;5;437;11.441647597254004;2021
521580;5215801;Palmelo;GO;2021;2382;Original;0;10;0.0;2021
521590;5215900;Palminópolis;GO;2021;3578;Original;0;45;0.0;2021
521600;5216007;Panamá;GO;2021;2590;Original;0;32;0.0;2021
521630;5216304;Paranaiguara;GO;2021;10221;Original;1;82;12.195121951219512;2021
521640;5216403;Paraúna;GO;2021;10988;Original;2;140;14.285714285714285;2021
521645;5216452;Perolândia;GO;2021;3156;Original;0;44;0.0;2021
521680;5216809;Petrolina de Goiás;GO;2021;10240;Original;2;70;28.57142857142857;2021
521690;5216908;Pilar de Goiás;GO;2021;2135;Original;0;30;0.0;2021
521710;5217104;Piracanjuba;GO;2021;24543;Original;7;234;29.914529914529915;2021
521720;5217203;Piranhas;GO;2021;10161;Original;2;142;14.084507042253522;2021
521730;5217302;Pirenópolis;GO;2021;25218;Original;1;271;3.6900369003690034;2021
521740;5217401;Pires do Rio;GO;2021;31909;Original;3;368;8.152173913043478;2021
521760;5217609;Planaltina;GO;2021;91345;Original;18;1465;12.286689419795222;2021
521770;5217708;Pontalina;GO;2021;17899;Original;1;196;5.1020408163265305;2021
521800;5218003;Porangatu;GO;2021;45866;Original;8;554;14.44043321299639;2021
521805;5218052;Porteirão;GO;2021;3979;Original;1;64;15.625;2021
521810;5218102;Portelândia;GO;2021;4032;Original;0;32;0.0;2021
521830;5218300;Posse;GO;2021;37924;Original;6;559;10.73345259391771;2021
521839;5218391;Professor Jamil;GO;2021;3211;Original;0;30;0.0;2021
521850;5218508;Quirinópolis;GO;2021;51323;Original;9;621;14.492753623188406;2021
521860;5218607;Rialma;GO;2021;10961;Original;0;162;0.0;2021
521870;5218706;Rianápolis;GO;2021;4832;Original;0;44;0.0;2021
521878;5218789;Rio Quente;GO;2021;4728;Original;0;32;0.0;2021
521880;5218805;Rio Verde;GO;2021;247259;Original;43;3284;13.093788063337392;2021
521890;5218904;Rubiataba;GO;2021;20012;Original;3;209;14.354066985645934;2021
521900;5219001;Sanclerlândia;GO;2021;7630;Original;0;83;0.0;2021
521910;5219100;Santa Bárbara de Goiás;GO;2021;6701;Original;0;72;0.0;2021
521920;5219209;Santa Cruz de Goiás;GO;2021;2782;Original;0;18;0.0;2021
521925;5219258;Santa Fé de Goiás;GO;2021;5585;Original;0;61;0.0;2021
521930;5219308;Santa Helena de Goiás;GO;2021;38962;Original;6;470;12.76595744680851;2021
521935;5219357;Santa Isabel;GO;2021;3821;Original;0;34;0.0;2021
521940;5219407;Santa Rita do Araguaia;GO;2021;9110;Original;0;61;0.0;2021
521945;5219456;Santa Rita do Novo Destino;GO;2021;3367;Original;1;29;34.48275862068965;2021
521950;5219506;Santa Rosa de Goiás;GO;2021;2200;Original;0;36;0.0;2021
521960;5219605;Santa Tereza de Goiás;GO;2021;3207;Original;0;35;0.0;2021
521970;5219704;Santa Terezinha de Goiás;GO;2021;8386;Original;1;104;9.615384615384617;2021
521971;5219712;Santo Antônio da Barra;GO;2021;4886;Original;1;52;19.230769230769234;2021
521973;5219738;Santo Antônio de Goiás;GO;2021;6593;Original;2;72;27.777777777777775;2021
521975;5219753;Santo Antônio do Descoberto;GO;2021;76871;Original;9;901;9.988901220865706;2021
521980;5219803;São Domingos;GO;2021;13305;Original;0;122;0.0;2021
521990;5219902;São Francisco de Goiás;GO;2021;6265;Original;0;55;0.0;2021
522000;5220009;São João d'Aliança;GO;2021;14423;Original;2;174;11.494252873563218;2021
522005;5220058;São João da Paraúna;GO;2021;1312;Original;0;17;0.0;2021
522010;5220108;São Luís de Montes Belos;GO;2021;34488;Original;4;409;9.7799511002445;2021
522015;5220157;São Luiz do Norte;GO;2021;5263;Original;3;90;33.333333333333336;2021
522020;5220207;São Miguel do Araguaia;GO;2021;21849;Original;6;280;21.428571428571427;2021
522026;5220264;São Miguel do Passa Quatro;GO;2021;4105;Original;0;39;0.0;2021
522028;5220280;São Patrício;GO;2021;2040;Original;0;30;0.0;2021
522040;5220405;São Simão;GO;2021;21318;Original;5;204;24.509803921568626;2021
522045;5220454;Senador Canedo;GO;2021;121447;Original;30;2236;13.416815742397137;2021
522050;5220504;Serranópolis;GO;2021;8737;Original;1;79;12.658227848101266;2021
522060;5220603;Silvânia;GO;2021;20938;Original;1;195;5.128205128205129;2021
522068;5220686;Simolândia;GO;2021;6895;Original;0;89;0.0;2021
522070;5220702;Sítio d'Abadia;GO;2021;3040;Original;0;27;0.0;2021
522100;5221007;Taquaral de Goiás;GO;2021;3506;Original;0;42;0.0;2021
522108;5221080;Teresina de Goiás;GO;2021;3538;Original;0;37;0.0;2021
522119;5221197;Terezópolis de Goiás;GO;2021;8326;Original;2;89;22.47191011235955;2021
522130;5221304;Três Ranchos;GO;2021;2830;Original;0;19;0.0;2021
522140;5221403;Trindade;GO;2021;132006;Original;21;1832;11.462882096069869;2021
522145;5221452;Trombas;GO;2021;3497;Original;1;45;22.22222222222222;2021
522150;5221502;Turvânia;GO;2021;4526;Original;1;57;17.543859649122805;2021
522155;5221551;Turvelândia;GO;2021;5447;Original;0;61;0.0;2021
522157;5221577;Uirapuru;GO;2021;2829;Original;0;20;0.0;2021
522160;5221601;Uruaçu;GO;2021;41150;Original;7;529;13.232514177693762;2021
522170;5221700;Uruana;GO;2021;13795;Original;0;160;0.0;2021
522180;5221809;Urutaí;GO;2021;3056;Original;0;27;0.0;2021
522185;5221858;Valparaíso de Goiás;GO;2021;175720;Original;34;2358;14.418999151823579;2021
522190;5221908;Varjão;GO;2021;3848;Original;0;28;0.0;2021
522200;5222005;Vianópolis;GO;2021;14088;Original;3;207;14.492753623188406;2021
522205;5222054;Vicentinópolis;GO;2021;9002;Original;1;99;10.101010101010102;2021
522220;5222203;Vila Boa;GO;2021;6451;Original;1;64;15.625;2021
522230;5222302;Vila Propício;GO;2021;5941;Original;2;70;28.57142857142857;2021
520005;5200050;Abadia de Goiás;GO;2022;10387;Estimativa (Spline);2;262;7.633587786259541;2022
520010;5200100;Abadiânia;GO;2022;20855;Estimativa (Spline);0;212;0.0;2022
520013;5200134;Acreúna;GO;2022;22760;Estimativa (Spline);6;237;25.31645569620253;2022
520015;5200159;Adelândia;GO;2022;2496;Estimativa (Spline);0;29;0.0;2022
520017;5200175;Água Fria de Goiás;GO;2022;5797;Estimativa (Spline);2;52;38.46153846153847;2022
520020;5200209;Água Limpa;GO;2022;1801;Estimativa (Spline);0;16;0.0;2022
520025;5200258;Águas Lindas de Goiás;GO;2022;227843;Estimativa (Spline);34;3126;10.876519513755598;2022
520030;5200308;Alexânia;GO;2022;28572;Estimativa (Spline);7;401;17.456359102244388;2022
520050;5200506;Aloândia;GO;2022;1971;Estimativa (Spline);0;18;0.0;2022
520055;5200555;Alto Horizonte;GO;2022;6884;Estimativa (Spline);2;101;19.801980198019802;2022
520060;5200605;Alto Paraíso de Goiás;GO;2022;8085;Estimativa (Spline);2;157;12.738853503184714;2022
520080;5200803;Alvorada do Norte;GO;2022;8771;Estimativa (Spline);1;104;9.615384615384617;2022
520082;5200829;Amaralina;GO;2022;3842;Estimativa (Spline);0;19;0.0;2022
520085;5200852;Americano do Brasil;GO;2022;6178;Estimativa (Spline);0;86;0.0;2022
520090;5200902;Amorinópolis;GO;2022;2971;Estimativa (Spline);0;25;0.0;2022
520110;5201108;Anápolis;GO;2022;401591;Estimativa (Spline);86;5720;15.034965034965035;2022
520120;5201207;Anhanguera;GO;2022;1156;Estimativa (Spline);0;9;0.0;2022
520130;5201306;Anicuns;GO;2022;21887;Estimativa (Spline);3;220;13.636363636363635;2022
520140;5201405;Aparecida de Goiânia;GO;2022;605016;Estimativa (Spline);105;6819;15.398152221733392;2022
520145;5201454;Aparecida do Rio Doce;GO;2022;2524;Estimativa (Spline);0;30;0.0;2022
520150;5201504;Aporé;GO;2022;4308;Estimativa (Spline);1;71;14.084507042253522;2022
520160;5201603;Araçu;GO;2022;3466;Estimativa (Spline);0;36;0.0;2022
520170;5201702;Aragarças;GO;2022;20341;Estimativa (Spline);5;197;25.380710659898476;2022
520180;5201801;Aragoiânia;GO;2022;10972;Estimativa (Spline);2;134;14.925373134328359;2022
520215;5202155;Araguapaz;GO;2022;7754;Estimativa (Spline);2;45;44.44444444444444;2022
520235;5202353;Arenópolis;GO;2022;2461;Estimativa (Spline);0;39;0.0;2022
520250;5202502;Aruanã;GO;2022;10326;Estimativa (Spline);6;99;60.60606060606061;2022
520260;5202601;Aurilândia;GO;2022;2993;Estimativa (Spline);1;27;37.03703703703704;2022
520280;5202809;Avelinópolis;GO;2022;2449;Estimativa (Spline);1;35;28.57142857142857;2022
520310;5203104;Baliza;GO;2022;5319;Estimativa (Spline);1;31;32.25806451612903;2022
520320;5203203;Barro Alto;GO;2022;11716;Estimativa (Spline);3;157;19.108280254777068;2022
520330;5203302;Bela Vista de Goiás;GO;2022;31857;Estimativa (Spline);8;429;18.64801864801865;2022
520340;5203401;Bom Jardim de Goiás;GO;2022;8859;Estimativa (Spline);1;94;10.638297872340425;2022
520350;5203500;Bom Jesus de Goiás;GO;2022;26228;Estimativa (Spline);2;304;6.578947368421052;2022
520355;5203559;Bonfinópolis;GO;2022;10312;Estimativa (Spline);0;110;0.0;2022
520357;5203575;Bonópolis;GO;2022;4521;Estimativa (Spline);1;46;21.73913043478261;2022
520360;5203609;Brazabrantes;GO;2022;3903;Estimativa (Spline);1;47;21.27659574468085;2022
520380;5203807;Britânia;GO;2022;5829;Estimativa (Spline);3;81;37.03703703703704;2022
520390;5203906;Buriti Alegre;GO;2022;9666;Estimativa (Spline);4;111;36.03603603603604;2022
520393;5203939;Buriti de Goiás;GO;2022;2488;Estimativa (Spline);0;26;0.0;2022
520396;5203962;Buritinópolis;GO;2022;3256;Estimativa (Spline);0;37;0.0;2022
520400;5204003;Cabeceiras;GO;2022;8100;Estimativa (Spline);5;101;49.504950495049506;2022
520410;5204102;Cachoeira Alta;GO;2022;12868;Estimativa (Spline);1;108;9.25925925925926;2022
520420;5204201;Cachoeira de Goiás;GO;2022;1343;Estimativa (Spline);0;14;0.0;2022
520425;5204250;Cachoeira Dourada;GO;2022;7967;Estimativa (Spline);0;41;0.0;2022
520430;5204300;Caçu;GO;2022;16470;Estimativa (Spline);1;140;7.142857142857142;2022
520440;5204409;Caiapônia;GO;2022;19209;Estimativa (Spline);1;175;5.714285714285714;2022
520450;5204508;Caldas Novas;GO;2022;97362;Estimativa (Spline);9;1234;7.293354943273906;2022
520455;5204557;Caldazinha;GO;2022;4017;Estimativa (Spline);0;32;0.0;2022
520460;5204607;Campestre de Goiás;GO;2022;3687;Estimativa (Spline);0;48;0.0;2022
520465;5204656;Campinaçu;GO;2022;3643;Estimativa (Spline);0;34;0.0;2022
520470;5204706;Campinorte;GO;2022;12950;Estimativa (Spline);3;152;19.736842105263158;2022
520480;5204805;Campo Alegre de Goiás;GO;2022;7966;Estimativa (Spline);1;82;12.195121951219512;2022
520485;5204854;Campo Limpo de Goiás;GO;2022;8217;Estimativa (Spline);2;125;16.0;2022
520490;5204904;Campos Belos;GO;2022;20047;Estimativa (Spline);1;279;3.5842293906810037;2022
520495;5204953;Campos Verdes;GO;2022;1555;Estimativa (Spline);1;41;24.390243902439025;2022
520500;5205000;Carmo do Rio Verde;GO;2022;10353;Estimativa (Spline);0;85;0.0;2022
520505;5205059;Castelândia;GO;2022;3325;Estimativa (Spline);2;30;66.66666666666667;2022
520510;5205109;Catalão;GO;2022;115188;Estimativa (Spline);25;1396;17.908309455587393;2022
520520;5205208;Caturaí;GO;2022;5173;Estimativa (Spline);3;54;55.55555555555555;2022
520530;5205307;Cavalcante;GO;2022;9756;Estimativa (Spline);2;146;13.698630136986301;2022
520540;5205406;Ceres;GO;2022;22490;Estimativa (Spline);3;238;12.605042016806722;2022
520545;5205455;Cezarina;GO;2022;8808;Estimativa (Spline);0;98;0.0;2022
520547;5205471;Chapadão do Céu;GO;2022;11277;Estimativa (Spline);2;230;8.695652173913043;2022
520549;5205497;Cidade Ocidental;GO;2022;77572;Estimativa (Spline);18;1182;15.228426395939087;2022
520551;5205513;Cocalzinho de Goiás;GO;2022;21491;Estimativa (Spline);3;222;13.513513513513514;2022
520552;5205521;Colinas do Sul;GO;2022;3403;Estimativa (Spline);3;35;85.71428571428571;2022
520570;5205703;Córrego do Ouro;GO;2022;2252;Estimativa (Spline);0;19;0.0;2022
520580;5205802;Corumbá de Goiás;GO;2022;11218;Estimativa (Spline);0;92;0.0;2022
520590;5205901;Corumbaíba;GO;2022;10055;Estimativa (Spline);0;106;0.0;2022
520620;5206206;Cristalina;GO;2022;62549;Estimativa (Spline);12;970;12.371134020618555;2022
520630;5206305;Cristianópolis;GO;2022;3024;Estimativa (Spline);0;35;0.0;2022
520640;5206404;Crixás;GO;2022;17236;Estimativa (Spline);1;206;4.854368932038835;2022
520650;5206503;Cromínia;GO;2022;3499;Estimativa (Spline);0;28;0.0;2022
520660;5206602;Cumari;GO;2022;2824;Estimativa (Spline);0;22;0.0;2022
520670;5206701;Damianópolis;GO;2022;3356;Estimativa (Spline);0;50;0.0;2022
520680;5206800;Damolândia;GO;2022;2907;Estimativa (Spline);0;30;0.0;2022
520690;5206909;Davinópolis;GO;2022;2078;Estimativa (Spline);0;21;0.0;2022
520710;5207105;Diorama;GO;2022;2439;Estimativa (Spline);0;20;0.0;2022
520725;5207253;Doverlândia;GO;2022;7111;Estimativa (Spline);2;78;25.64102564102564;2022
520735;5207352;Edealina;GO;2022;3712;Estimativa (Spline);0;29;0.0;2022
520740;5207402;Edéia;GO;2022;12572;Estimativa (Spline);1;144;6.944444444444444;2022
520750;5207501;Estrela do Norte;GO;2022;3246;Estimativa (Spline);0;35;0.0;2022
520753;5207535;Faina;GO;2022;6561;Estimativa (Spline);0;54;0.0;2022
520760;5207600;Fazenda Nova;GO;2022;5463;Estimativa (Spline);0;59;0.0;2022
520780;5207808;Firminópolis;GO;2022;13421;Estimativa (Spline);2;99;20.202020202020204;2022
520790;5207907;Flores de Goiás;GO;2022;17369;Estimativa (Spline);1;97;10.309278350515465;2022
520800;5208004;Formosa;GO;2022;126597;Estimativa (Spline);19;1612;11.786600496277917;2022
520810;5208103;Formoso;GO;2022;4109;Estimativa (Spline);0;53;0.0;2022
520815;5208152;Gameleira de Goiás;GO;2022;3913;Estimativa (Spline);0;25;0.0;2022
520830;5208301;Divinópolis de Goiás;GO;2022;4599;Estimativa (Spline);0;72;0.0;2022
520840;5208400;Goianápolis;GO;2022;11523;Estimativa (Spline);2;176;11.363636363636363;2022
520850;5208509;Goiandira;GO;2022;5611;Estimativa (Spline);0;47;0.0;2022
520860;5208608;Goianésia;GO;2022;73161;Estimativa (Spline);15;995;15.07537688442211;2022
520870;5208707;Goiânia;GO;2022;1563636;Estimativa (Spline);190;18685;10.168584426010169;2022
520880;5208806;Goianira;GO;2022;49857;Estimativa (Spline);17;907;18.74310915104741;2022
520890;5208905;Goiás;GO;2022;22175;Estimativa (Spline);2;230;8.695652173913043;2022
520910;5209101;Goiatuba;GO;2022;34629;Estimativa (Spline);4;399;10.025062656641603;2022
520915;5209150;Gouvelândia;GO;2022;5980;Estimativa (Spline);1;53;18.867924528301884;2022
520920;5209200;Guapó;GO;2022;14796;Estimativa (Spline);4;223;17.937219730941703;2022
520929;5209291;Guaraíta;GO;2022;1902;Estimativa (Spline);0;16;0.0;2022
520940;5209408;Guarani de Goiás;GO;2022;3805;Estimativa (Spline);1;41;24.390243902439025;2022
520945;5209457;Guarinos;GO;2022;1692;Estimativa (Spline);0;25;0.0;2022
520960;5209606;Heitoraí;GO;2022;3717;Estimativa (Spline);0;21;0.0;2022
520970;5209705;Hidrolândia;GO;2022;23465;Estimativa (Spline);6;344;17.441860465116278;2022
520980;5209804;Hidrolina;GO;2022;3421;Estimativa (Spline);1;33;30.303030303030305;2022
520990;5209903;Iaciara;GO;2022;13969;Estimativa (Spline);2;189;10.582010582010582;2022
520993;5209937;Inaciolândia;GO;2022;6286;Estimativa (Spline);2;59;33.898305084745765;2022
520995;5209952;Indiara;GO;2022;16248;Estimativa (Spline);0;183;0.0;2022
521000;5210000;Inhumas;GO;2022;53957;Estimativa (Spline);8;568;14.084507042253522;2022
521010;5210109;Ipameri;GO;2022;27405;Estimativa (Spline);5;254;19.68503937007874;2022
521015;5210158;Ipiranga de Goiás;GO;2022;2900;Estimativa (Spline);0;20;0.0;2022
521020;5210208;Iporá;GO;2022;31985;Estimativa (Spline);5;446;11.210762331838565;2022
521030;5210307;Israelândia;GO;2022;2745;Estimativa (Spline);0;15;0.0;2022
521040;5210406;Itaberaí;GO;2022;45043;Estimativa (Spline);9;533;16.885553470919326;2022
521056;5210562;Itaguari;GO;2022;4717;Estimativa (Spline);1;38;26.31578947368421;2022
521060;5210604;Itaguaru;GO;2022;5153;Estimativa (Spline);0;35;0.0;2022
521080;5210802;Itajá;GO;2022;4369;Estimativa (Spline);0;53;0.0;2022
521090;5210901;Itapaci;GO;2022;23942;Estimativa (Spline);4;255;15.686274509803921;2022
521100;5211008;Itapirapuã;GO;2022;4535;Estimativa (Spline);0;69;0.0;2022
521120;5211206;Itapuranga;GO;2022;25660;Estimativa (Spline);2;320;6.25;2022
521130;5211305;Itarumã;GO;2022;7283;Estimativa (Spline);1;81;12.345679012345679;2022
521140;5211404;Itauçu;GO;2022;8857;Estimativa (Spline);3;78;38.46153846153847;2022
521150;5211503;Itumbiara;GO;2022;108073;Estimativa (Spline);14;1173;11.935208866155158;2022
521160;5211602;Ivolândia;GO;2022;2310;Estimativa (Spline);1;24;41.666666666666664;2022
521170;5211701;Jandaia;GO;2022;6023;Estimativa (Spline);2;50;40.0;2022
521180;5211800;Jaraguá;GO;2022;52207;Estimativa (Spline);5;550;9.09090909090909;2022
521190;5211909;Jataí;GO;2022;104681;Estimativa (Spline);19;1426;13.32398316970547;2022
521200;5212006;Jaupaci;GO;2022;2845;Estimativa (Spline);0;32;0.0;2022
521205;5212055;Jesúpolis;GO;2022;2443;Estimativa (Spline);0;21;0.0;2022
521210;5212105;Joviânia;GO;2022;7418;Estimativa (Spline);0;101;0.0;2022
521220;5212204;Jussara;GO;2022;18367;Estimativa (Spline);2;237;8.438818565400844;2022
521225;5212253;Lagoa Santa;GO;2022;1651;Estimativa (Spline);0;17;0.0;2022
521230;5212303;Leopoldo de Bulhões;GO;2022;7809;Estimativa (Spline);1;91;10.989010989010989;2022
521250;5212501;Luziânia;GO;2022;217163;Estimativa (Spline);35;2915;12.006861063464836;2022
521260;5212600;Mairipotaba;GO;2022;2380;Estimativa (Spline);0;19;0.0;2022
521270;5212709;Mambaí;GO;2022;9328;Estimativa (Spline);0;145;0.0;2022
521280;5212808;Mara Rosa;GO;2022;9312;Estimativa (Spline);2;120;16.666666666666668;2022
521290;5212907;Marzagão;GO;2022;2329;Estimativa (Spline);0;41;0.0;2022
521295;5212956;Matrinchã;GO;2022;4289;Estimativa (Spline);0;40;0.0;2022
521300;5213004;Maurilândia;GO;2022;14338;Estimativa (Spline);2;130;15.384615384615385;2022
521305;5213053;Mimoso de Goiás;GO;2022;2581;Estimativa (Spline);0;16;0.0;2022
521308;5213087;Minaçu;GO;2022;28232;Estimativa (Spline);1;344;2.9069767441860463;2022
521310;5213103;Mineiros;GO;2022;70746;Estimativa (Spline);10;1050;9.523809523809526;2022
521340;5213400;Moiporá;GO;2022;1472;Estimativa (Spline);0;21;0.0;2022
521350;5213509;Monte Alegre de Goiás;GO;2022;8619;Estimativa (Spline);1;115;8.695652173913043;2022
521370;5213707;Montes Claros de Goiás;GO;2022;8121;Estimativa (Spline);1;89;11.235955056179774;2022
521375;5213756;Montividiu;GO;2022;14016;Estimativa (Spline);1;161;6.211180124223602;2022
521377;5213772;Montividiu do Norte;GO;2022;4490;Estimativa (Spline);0;43;0.0;2022
521380;5213806;Morrinhos;GO;2022;47858;Estimativa (Spline);1;620;1.6129032258064515;2022
521385;5213855;Morro Agudo de Goiás;GO;2022;2235;Estimativa (Spline);1;26;38.46153846153847;2022
521390;5213905;Mossâmedes;GO;2022;4116;Estimativa (Spline);0;32;0.0;2022
521400;5214002;Mozarlândia;GO;2022;16132;Estimativa (Spline);0;265;0.0;2022
521405;5214051;Mundo Novo;GO;2022;4588;Estimativa (Spline);1;87;11.494252873563218;2022
521410;5214101;Mutunópolis;GO;2022;3725;Estimativa (Spline);2;52;38.46153846153847;2022
521440;5214408;Nazário;GO;2022;9360;Estimativa (Spline);0;85;0.0;2022
521450;5214507;Nerópolis;GO;2022;31543;Estimativa (Spline);8;442;18.09954751131222;2022
521460;5214606;Niquelândia;GO;2022;46177;Estimativa (Spline);5;378;13.227513227513226;2022
521470;5214705;Nova América;GO;2022;2368;Estimativa (Spline);1;15;66.66666666666667;2022
521480;5214804;Nova Aurora;GO;2022;2238;Estimativa (Spline);1;22;45.45454545454545;2022
521483;5214838;Nova Crixás;GO;2022;13086;Estimativa (Spline);0;177;0.0;2022
521486;5214861;Nova Glória;GO;2022;8070;Estimativa (Spline);1;85;11.76470588235294;2022
521487;5214879;Nova Iguaçu de Goiás;GO;2022;2957;Estimativa (Spline);2;38;52.63157894736842;2022
521490;5214903;Nova Roma;GO;2022;3179;Estimativa (Spline);1;29;34.48275862068965;2022
521500;5215009;Nova Veneza;GO;2022;10283;Estimativa (Spline);2;117;17.094017094017097;2022
521520;5215207;Novo Brasil;GO;2022;2807;Estimativa (Spline);0;36;0.0;2022
521523;5215231;Novo Gama;GO;2022;119827;Estimativa (Spline);16;1296;12.345679012345679;2022
521525;5215256;Novo Planalto;GO;2022;4547;Estimativa (Spline);0;40;0.0;2022
521530;5215306;Orizona;GO;2022;16013;Estimativa (Spline);0;198;0.0;2022
521540;5215405;Ouro Verde de Goiás;GO;2022;3688;Estimativa (Spline);1;42;23.809523809523807;2022
521550;5215504;Ouvidor;GO;2022;7030;Estimativa (Spline);1;89;11.235955056179774;2022
521560;5215603;Padre Bernardo;GO;2022;35553;Estimativa (Spline);11;435;25.28735632183908;2022
521565;5215652;Palestina de Goiás;GO;2022;3444;Estimativa (Spline);0;40;0.0;2022
521570;5215702;Palmeiras de Goiás;GO;2022;30612;Estimativa (Spline);4;455;8.791208791208792;2022
521580;5215801;Palmelo;GO;2022;2376;Estimativa (Spline);0;18;0.0;2022
521590;5215900;Palminópolis;GO;2022;3610;Estimativa (Spline);0;41;0.0;2022
521600;5216007;Panamá;GO;2022;2571;Estimativa (Spline);0;16;0.0;2022
521630;5216304;Paranaiguara;GO;2022;10032;Estimativa (Spline);1;89;11.235955056179774;2022
521640;5216403;Paraúna;GO;2022;10993;Estimativa (Spline);1;154;6.493506493506494;2022
521645;5216452;Perolândia;GO;2022;3152;Estimativa (Spline);0;37;0.0;2022
521680;5216809;Petrolina de Goiás;GO;2022;10176;Estimativa (Spline);0;80;0.0;2022
521690;5216908;Pilar de Goiás;GO;2022;2113;Estimativa (Spline);1;26;38.46153846153847;2022
521710;5217104;Piracanjuba;GO;2022;24613;Estimativa (Spline);4;236;16.949152542372882;2022
521720;5217203;Piranhas;GO;2022;10260;Estimativa (Spline);2;107;18.69158878504673;2022
521730;5217302;Pirenópolis;GO;2022;25567;Estimativa (Spline);5;299;16.72240802675585;2022
521740;5217401;Pires do Rio;GO;2022;32220;Estimativa (Spline);6;403;14.88833746898263;2022
521760;5217609;Planaltina;GO;2022;93613;Estimativa (Spline);12;1508;7.957559681697613;2022
521770;5217708;Pontalina;GO;2022;18011;Estimativa (Spline);3;196;15.306122448979592;2022
521800;5218003;Porangatu;GO;2022;46012;Estimativa (Spline);7;514;13.618677042801556;2022
521805;5218052;Porteirão;GO;2022;4034;Estimativa (Spline);0;43;0.0;2022
521810;5218102;Portelândia;GO;2022;3969;Estimativa (Spline);1;44;22.727272727272727;2022
521830;5218300;Posse;GO;2022;38111;Estimativa (Spline);7;493;14.198782961460447;2022
521839;5218391;Professor Jamil;GO;2022;3285;Estimativa (Spline);0;33;0.0;2022
521850;5218508;Quirinópolis;GO;2022;51634;Estimativa (Spline);7;621;11.272141706924316;2022
521860;5218607;Rialma;GO;2022;11128;Estimativa (Spline);6;150;40.0;2022
521870;5218706;Rianápolis;GO;2022;4765;Estimativa (Spline);0;51;0.0;2022
521878;5218789;Rio Quente;GO;2022;4737;Estimativa (Spline);0;45;0.0;2022
521880;5218805;Rio Verde;GO;2022;250191;Estimativa (Spline);31;3244;9.556103575832305;2022
521890;5218904;Rubiataba;GO;2022;20083;Estimativa (Spline);1;245;4.081632653061225;2022
521900;5219001;Sanclerlândia;GO;2022;7677;Estimativa (Spline);0;89;0.0;2022
521910;5219100;Santa Bárbara de Goiás;GO;2022;6706;Estimativa (Spline);0;58;0.0;2022
521920;5219209;Santa Cruz de Goiás;GO;2022;2781;Estimativa (Spline);1;13;76.92307692307693;2022
521925;5219258;Santa Fé de Goiás;GO;2022;5578;Estimativa (Spline);0;72;0.0;2022
521930;5219308;Santa Helena de Goiás;GO;2022;39140;Estimativa (Spline);6;482;12.448132780082986;2022
521935;5219357;Santa Isabel;GO;2022;3804;Estimativa (Spline);0;40;0.0;2022
521940;5219407;Santa Rita do Araguaia;GO;2022;8931;Estimativa (Spline);1;71;14.084507042253522;2022
521945;5219456;Santa Rita do Novo Destino;GO;2022;3312;Estimativa (Spline);1;20;50.0;2022
521950;5219506;Santa Rosa de Goiás;GO;2022;2237;Estimativa (Spline);0;42;0.0;2022
521960;5219605;Santa Tereza de Goiás;GO;2022;3167;Estimativa (Spline);2;41;48.78048780487805;2022
521970;5219704;Santa Terezinha de Goiás;GO;2022;8507;Estimativa (Spline);1;99;10.101010101010102;2022
521971;5219712;Santo Antônio da Barra;GO;2022;4856;Estimativa (Spline);3;36;83.33333333333333;2022
521973;5219738;Santo Antônio de Goiás;GO;2022;6808;Estimativa (Spline);1;70;14.285714285714285;2022
521975;5219753;Santo Antônio do Descoberto;GO;2022;77369;Estimativa (Spline);11;884;12.443438914027148;2022
521980;5219803;São Domingos;GO;2022;13141;Estimativa (Spline);3;109;27.522935779816514;2022
521990;5219902;São Francisco de Goiás;GO;2022;6287;Estimativa (Spline);0;64;0.0;2022
522000;5220009;São João d'Aliança;GO;2022;14675;Estimativa (Spline);1;143;6.993006993006993;2022
522005;5220058;São João da Paraúna;GO;2022;1339;Estimativa (Spline);0;14;0.0;2022
522010;5220108;São Luís de Montes Belos;GO;2022;34773;Estimativa (Spline);4;408;9.803921568627452;2022
522015;5220157;São Luiz do Norte;GO;2022;5268;Estimativa (Spline);2;65;30.76923076923077;2022
522020;5220207;São Miguel do Araguaia;GO;2022;21848;Estimativa (Spline);2;294;6.802721088435374;2022
522026;5220264;São Miguel do Passa Quatro;GO;2022;4168;Estimativa (Spline);3;50;60.0;2022
522028;5220280;São Patrício;GO;2022;2058;Estimativa (Spline);0;21;0.0;2022
522040;5220405;São Simão;GO;2022;21171;Estimativa (Spline);6;185;32.432432432432435;2022
522045;5220454;Senador Canedo;GO;2022;127766;Estimativa (Spline);28;2077;13.480982185844969;2022
522050;5220504;Serranópolis;GO;2022;8754;Estimativa (Spline);1;99;10.101010101010102;2022
522060;5220603;Silvânia;GO;2022;21209;Estimativa (Spline);3;258;11.627906976744185;2022
522068;5220686;Simolândia;GO;2022;6798;Estimativa (Spline);1;74;13.513513513513514;2022
522070;5220702;Sítio d'Abadia;GO;2022;3079;Estimativa (Spline);0;35;0.0;2022
522100;5221007;Taquaral de Goiás;GO;2022;3553;Estimativa (Spline);0;32;0.0;2022
522108;5221080;Teresina de Goiás;GO;2022;3489;Estimativa (Spline);0;42;0.0;2022
522119;5221197;Terezópolis de Goiás;GO;2022;8412;Estimativa (Spline);1;100;10.0;2022
522130;5221304;Três Ranchos;GO;2022;2847;Estimativa (Spline);1;23;43.47826086956522;2022
522140;5221403;Trindade;GO;2022;135184;Estimativa (Spline);33;1782;18.51851851851852;2022
522145;5221452;Trombas;GO;2022;3465;Estimativa (Spline);0;38;0.0;2022
522150;5221502;Turvânia;GO;2022;4499;Estimativa (Spline);0;45;0.0;2022
522155;5221551;Turvelândia;GO;2022;5474;Estimativa (Spline);3;55;54.54545454545454;2022
522157;5221577;Uirapuru;GO;2022;2825;Estimativa (Spline);4;35;114.28571428571428;2022
522160;5221601;Uruaçu;GO;2022;41658;Estimativa (Spline);11;531;20.715630885122412;2022
522170;5221700;Uruana;GO;2022;13802;Estimativa (Spline);1;121;8.264462809917356;2022
522180;5221809;Urutaí;GO;2022;3105;Estimativa (Spline);2;32;62.5;2022
522185;5221858;Valparaíso de Goiás;GO;2022;181625;Estimativa (Spline);38;2320;16.379310344827587;2022
522190;5221908;Varjão;GO;2022;3850;Estimativa (Spline);0;34;0.0;2022
522200;5222005;Vianópolis;GO;2022;14295;Estimativa (Spline);4;170;23.52941176470588;2022
522205;5222054;Vicentinópolis;GO;2022;9097;Estimativa (Spline);4;121;33.057851239669425;2022
522220;5222203;Vila Boa;GO;2022;6338;Estimativa (Spline);1;40;25.0;2022
522230;5222302;Vila Propício;GO;2022;5986;Estimativa (Spline);0;73;0.0;2022
